<?xml version="1.0" encoding="UTF-8"?><rss version="2.0"
	xmlns:content="http://purl.org/rss/1.0/modules/content/"
	xmlns:dc="http://purl.org/dc/elements/1.1/"
	xmlns:atom="http://www.w3.org/2005/Atom"
	xmlns:sy="http://purl.org/rss/1.0/modules/syndication/"
	
	>
<channel>
	<title>
	Comments on: Discount Brokerage Firm: What it is and why it matters	</title>
	<atom:link href="http://www.karmanullify.com/discount-brokerage-firm/feed/" rel="self" type="application/rss+xml" />
	<link>http://www.karmanullify.com/discount-brokerage-firm/</link>
	<description></description>
	<lastBuildDate>Thu, 25 Feb 2021 11:16:19 +0000</lastBuildDate>
	<sy:updatePeriod>
	hourly	</sy:updatePeriod>
	<sy:updateFrequency>
	1	</sy:updateFrequency>
	<generator>https://wordpress.org/?v=6.1.1</generator>
</channel>
</rss>
