<?xml version="1.0" encoding="UTF-8"?><rss version="2.0"
	xmlns:content="http://purl.org/rss/1.0/modules/content/"
	xmlns:wfw="http://wellformedweb.org/CommentAPI/"
	xmlns:dc="http://purl.org/dc/elements/1.1/"
	xmlns:atom="http://www.w3.org/2005/Atom"
	xmlns:sy="http://purl.org/rss/1.0/modules/syndication/"
	xmlns:slash="http://purl.org/rss/1.0/modules/slash/"
	>

<channel>
	<title>Finance &#8211; Karmanullify</title>
	<atom:link href="http://www.karmanullify.com/category/microfinance/feed/" rel="self" type="application/rss+xml" />
	<link>http://www.karmanullify.com/</link>
	<description></description>
	<lastBuildDate>Thu, 26 Aug 2021 06:42:41 +0000</lastBuildDate>
	<language>en-US</language>
	<sy:updatePeriod>
	hourly	</sy:updatePeriod>
	<sy:updateFrequency>
	1	</sy:updateFrequency>
	<generator>https://wordpress.org/?v=6.1.1</generator>

<image>
	<url>http://www.karmanullify.com/wp-content/uploads/2020/08/logoz.png</url>
	<title>Finance &#8211; Karmanullify</title>
	<link>http://www.karmanullify.com/</link>
	<width>32</width>
	<height>32</height>
</image> 
	<item>
		<title>What is Non Banking Financial Company (NBFC)?</title>
		<link>http://www.karmanullify.com/what-are-nbfcs/</link>
					<comments>http://www.karmanullify.com/what-are-nbfcs/#respond</comments>
		
		<dc:creator><![CDATA[Karmanullify]]></dc:creator>
		<pubDate>Fri, 25 Jun 2021 04:21:23 +0000</pubDate>
				<category><![CDATA[Finance]]></category>
		<guid isPermaLink="false">http://www.karmanullify.com/?p=3558</guid>

					<description><![CDATA[If you have a regular deal with a bank you may know about the banks in India, which are offering which products, interest rates, etc. The banking industry of India is growing fast with entry of lots of new private sector banks along with foreign banks entry into the country. The public sector banks are ... <a title="What is Non Banking Financial Company (NBFC)?" class="read-more" href="http://www.karmanullify.com/what-are-nbfcs/" aria-label="More on What is Non Banking Financial Company (NBFC)?">Read more</a>]]></description>
										<content:encoded><![CDATA[
<p>If you have a regular deal with a bank you may know about the banks in India, which are offering which products, interest rates, etc. The banking industry of India is growing fast with entry of lots of new private sector banks along with foreign banks entry into the country. </p>



<p>The public sector banks are doing good business offering a wide variety of innovative products. The major products are indeed loans, bank insurance and investment; here you get the name of the BANKS and&nbsp;<strong>NBFC</strong>&nbsp;in India including Indian and foreign banks.</p>



<p>Besides the major public sector banks in India, the private banks have been also offering good service throughout the country. Foreign banks also have good business in urban India and offer a wide range of products to the customers.</p>



<p>A&nbsp;<strong>non banking finance company</strong>&nbsp;(NBFC) is a company registered under the Companies Act, 1956 and it deals with a wide variety of business like loans and advances, acquisition of shares, stocks, bonds, etc. issued by governments. Its principal business is receiving deposits under any scheme and lending in any manner.</p>



<p>An NBFC Guidelines&nbsp;differs from banks as it cannot accept demand deposits and it is not a part of payment and settlement system. It cannot issue cheque to its customers. </p>



<p>The types of&nbsp;<strong>NBFC registration</strong>&nbsp;at Reserve Bank of India are equipment leasing company, hire-purchase Company, Loan Company and Investment Company. The new classifications with effect from December 6, 2006 are the Asset Finance Company (AFC), Investment Company (IC) and Loan Company (LC). </p>



<p></p>
]]></content:encoded>
					
					<wfw:commentRss>http://www.karmanullify.com/what-are-nbfcs/feed/</wfw:commentRss>
			<slash:comments>0</slash:comments>
		
		
			</item>
		<item>
		<title>Want To Get Loan On Your FD Or Mutual Funds ? The Ultimate Guide To Cash Credit  Loan And Overdraft Loans</title>
		<link>http://www.karmanullify.com/cash-credit-loan/</link>
					<comments>http://www.karmanullify.com/cash-credit-loan/#respond</comments>
		
		<dc:creator><![CDATA[Karmanullify]]></dc:creator>
		<pubDate>Sun, 06 Jun 2021 10:31:00 +0000</pubDate>
				<category><![CDATA[Finance]]></category>
		<guid isPermaLink="false">http://www.karmanullify.com/?p=248</guid>

					<description><![CDATA[In recent times, the popularity of mutual funds has been increasing at astonishing speed. Numerous people are investing their hard-earned money in mutual funds and slowly but steadily, mutual funds are making place in the hearts of masses. They are absolutely easy to use and even people with little or no knowledge can make big ... <a title="Want To Get Loan On Your FD Or Mutual Funds ? The Ultimate Guide To Cash Credit  Loan And Overdraft Loans" class="read-more" href="http://www.karmanullify.com/cash-credit-loan/" aria-label="More on Want To Get Loan On Your FD Or Mutual Funds ? The Ultimate Guide To Cash Credit  Loan And Overdraft Loans">Read more</a>]]></description>
										<content:encoded><![CDATA[
<p>In recent times, the popularity of <a href="http://www.karmanullify.com/nism-mock-test-va/">mutual funds </a>has been increasing at astonishing speed. Numerous people are investing their hard-earned money in mutual funds and slowly but steadily, mutual funds are making place in the hearts of masses. They are absolutely easy to use and even people with little or no knowledge can make big money.</p>



<h2>Bank Offers Two Type Of Loans: </h2>



<ol><li>Cash credit loan.</li><li>Overdraft loan.</li></ol>



<p>Only Business get cash credit loan when they need cash for inventories to run their business efficiently. Cash credit loans are not for Individuals.  Cash credit are short term loan offer by bank to businesses for capital requirement to manage their cash cycle.</p>



<p>While in Overdraft , there is no hard and fast rule, both businesses and even individuals with good CIBIL score is eligible for overdraft loan. This is why it is very important to improve your CIBIL score. One can get overdraft loan on Mutual funds and Fixed deposits as well. </p>



<h2>Examples</h2>



<p>For example: if one took FD of Rs.5 lacs then one can get up to 85% overdraft loan on it. But in case of Equity mutual fund one can get upto 50-60 % of NAV (Net Asset Value). </p>



<p>In overdraft loan, you don&#8217;t need to create separate account as you get loans through current account and fixed deposits.</p>



<p>But interest rate for Overdraft loans are generally high for current account compare to savings account. These types of loans are  also considered as unverified loan. In case of defaults, Bank recover their money from individuals through securities and from businesses through inventories.</p>



<p>The best part of investing money in mutual funds is the professional management of investments. Generally, fund managers run mutual funds and watch investments on daily basis. It is very difficult to get such a level of money management at any other place.</p>



<p>Secondly, mutual funds are popular for their ability of liquidation. At any given day, an individual can sell his/her shares and there will be no issues against such a behavior. One can compare the time taken for the liquidation of stocks as compared to that of mutual funds. This benefits investors in many instances.</p>



<p>For instance, if an investor has shares in mutual funds and wants to sell them due to impending losses, then he can sell them without any hassles and save himself from undergoing losses, which is not the case in other investment options.</p>



<h2 id="block-25708f4d-3f19-444e-aec5-53b5a1136d81">Anything I Missed?</h2>



<p id="block-5da7b1e4-acef-4f9b-a419-ff096c99a80f">And now I’d like to hear from you:</p>



<p id="block-b4628d0f-fbf0-4d82-b495-8fbd87c2c56f">Or maybe you have a question.</p>



<p id="block-b897635a-3376-43d7-b62f-6a0d739ff835">Either way, let me know by leaving a comment below right now.</p>



<h2 id="block-d8e769e5-51b8-413f-a09c-2e34e7cfc1ca"><a href="http://www.karmanullify.com/disclaimer/">DISCLAIMER</a></h2>
]]></content:encoded>
					
					<wfw:commentRss>http://www.karmanullify.com/cash-credit-loan/feed/</wfw:commentRss>
			<slash:comments>0</slash:comments>
		
		
			</item>
		<item>
		<title>NSDL Full Form And It&#8217;s Meaning: By KarmaNullify</title>
		<link>http://www.karmanullify.com/nsdl-full-form/</link>
					<comments>http://www.karmanullify.com/nsdl-full-form/#respond</comments>
		
		<dc:creator><![CDATA[Karmanullify]]></dc:creator>
		<pubDate>Thu, 11 Feb 2021 16:43:01 +0000</pubDate>
				<category><![CDATA[Finance]]></category>
		<guid isPermaLink="false">http://www.karmanullify.com/?p=2023</guid>

					<description><![CDATA[NSDL Full Form NSDL Full Form is National Security Depository Limited and CDSL full form is Central Depository Services (India) Limited. As name suggests, NSDL and CDSL are depositories of India. The Depository Participants of NSDL and CDSL has  formed Depository  Participants  Association of India (DPAI). The first proposal to form such an association was made during  a Depository Participant’s meeting held on 23rd July 1999 at Mumbai. It came into existence on 20th September 1999 at New Delhi. The association got registered under the Societies Registration Act,1860 on 21st December 1999. The meeting was attended by representatives from well- known DPs like Stock Holding Corporation India Limited (SHCIL), Centurian Bank, ANZ Grindlay Bank and many more.  During this meeting an ad hoc committee was constituted for framing bye-laws of the  proposed  Association. The committee was headed  by unanimously  elected  Mr.V.D. Aggarwal, Chairman of Abhipra Capital Limited.  The committee under his guidance framed bye-laws and successfully  got it approved  during  ... <a title="NSDL Full Form And It’s Meaning: By KarmaNullify" class="read-more" href="http://www.karmanullify.com/nsdl-full-form/" aria-label="More on NSDL Full Form And It’s Meaning: By KarmaNullify">Read more</a>]]></description>
										<content:encoded><![CDATA[
<h2>NSDL Full Form</h2>



<p>NSDL Full Form is National Security Depository Limited and CDSL full form is Central Depository Services (India) Limited. As name suggests, NSDL and CDSL are depositories of India.</p>



<p>The&nbsp;Depository&nbsp;Participants&nbsp;of&nbsp;NSDL and CDSL has&nbsp;&nbsp;formed&nbsp;Depository&nbsp; Participants&nbsp; Association of&nbsp;India&nbsp;(DPAI). The&nbsp;first&nbsp;proposal&nbsp;to&nbsp;form&nbsp;such&nbsp;an&nbsp;association&nbsp;was&nbsp;made&nbsp;during&nbsp; a&nbsp;Depository Participant&#8217;s&nbsp;meeting&nbsp;held&nbsp;on&nbsp;23rd&nbsp;July&nbsp;1999&nbsp;at&nbsp;Mumbai.</p>



<p>It&nbsp;came&nbsp;into&nbsp;existence&nbsp;on&nbsp;20th&nbsp;September&nbsp;1999&nbsp;at&nbsp;New&nbsp;Delhi.&nbsp;The&nbsp;association&nbsp;got&nbsp;registered&nbsp;under&nbsp;the&nbsp;Societies&nbsp;Registration&nbsp;Act,1860&nbsp;on&nbsp;21st&nbsp;December&nbsp;1999.</p>



<p>The&nbsp;meeting&nbsp;was&nbsp;attended&nbsp;by&nbsp;representatives&nbsp;from&nbsp;well-&nbsp;known&nbsp;DPs&nbsp;like&nbsp;Stock&nbsp;Holding&nbsp;Corporation&nbsp;India&nbsp;Limited&nbsp;(SHCIL),&nbsp;Centurian&nbsp;Bank,&nbsp;ANZ&nbsp;Grindlay&nbsp;Bank&nbsp;and&nbsp;many&nbsp;more.&nbsp;</p>



<p>During&nbsp;this&nbsp;meeting&nbsp;an&nbsp;ad hoc&nbsp;committee&nbsp;was&nbsp;constituted&nbsp;for&nbsp;framing&nbsp;bye-laws&nbsp;of&nbsp;the&nbsp; proposed &nbsp;Association.&nbsp;The&nbsp;committee&nbsp;was&nbsp;headed&nbsp; by&nbsp;unanimously &nbsp;elected &nbsp;Mr.V.D. Aggarwal, Chairman&nbsp;of&nbsp;Abhipra&nbsp;Capital&nbsp;Limited.&nbsp;</p>



<p>The&nbsp;committee&nbsp;under&nbsp;his&nbsp;guidance&nbsp;framed&nbsp;bye-laws&nbsp;and&nbsp;successfully&nbsp; got&nbsp;it&nbsp;approved&nbsp; during&nbsp; a&nbsp;meeting&nbsp;held&nbsp;on&nbsp;20th&nbsp;September&nbsp;1999&nbsp;at&nbsp;New&nbsp;Delhi.</p>



<p>The&nbsp;underlying&nbsp;objective&nbsp;of&nbsp;forming&nbsp;the&nbsp;Association&nbsp;is&nbsp;not&nbsp;profit&nbsp;making&nbsp;but&nbsp;to&nbsp;protect&nbsp;the&nbsp;interest&nbsp;of&nbsp;Depository&nbsp;Participant&#8217;s&nbsp;and&nbsp;investors&nbsp;and&nbsp;also&nbsp;to&nbsp;provide&nbsp;a&nbsp;common&nbsp;platform&nbsp;for&nbsp;Depository&nbsp;Participant&#8217;s,&nbsp;Depositories&nbsp;and&nbsp;regulators&nbsp;to&nbsp;have&nbsp;required&nbsp;interaction&nbsp;for&nbsp;a&nbsp;healthy&nbsp;capital&nbsp;market.&nbsp;</p>



<p>As&nbsp;per&nbsp;the&nbsp;Memorandum&nbsp;of&nbsp;Association&nbsp;of&nbsp;the&nbsp;DPAI, &#8220;The&nbsp;society&nbsp;will&nbsp;not&nbsp;be&nbsp; operated&nbsp; for&nbsp; profit&nbsp;and&nbsp;no&nbsp;part&nbsp;of&nbsp;its&nbsp;income&nbsp;shall&nbsp;accrue&nbsp;to&nbsp;any&nbsp;of&nbsp;its&nbsp;members&nbsp;or&nbsp;office&nbsp;bearers&nbsp;or&nbsp;members&nbsp;of&nbsp;its&nbsp;Executive&nbsp;Committee,&nbsp;provided&nbsp;that&nbsp;nothing&nbsp;herein&nbsp;contained&nbsp;shall&nbsp;prevent&nbsp;the&nbsp;payment&nbsp;in&nbsp;good&nbsp;faith&nbsp;of&nbsp;remuneration,&nbsp;perquisites,&nbsp;facilities&nbsp;or&nbsp;benefits&nbsp;of&nbsp;any&nbsp;nature&nbsp;whatsoever&nbsp;to&nbsp;any&nbsp;member&nbsp;of&nbsp;the&nbsp;Executive&nbsp;Committee,&nbsp;office&nbsp;bearer,&nbsp;or&nbsp;anyone&nbsp;else&nbsp;as&nbsp;the&nbsp;Executive&nbsp;Committee&nbsp;may&nbsp;deem&nbsp;fit&nbsp;in&nbsp;return&nbsp;or&nbsp;as&nbsp;consideration&nbsp;for&nbsp;any&nbsp;service&nbsp;rendered&nbsp;to&nbsp;the&nbsp;Society.&#8221;</p>



<h2>CDSL and NSDL</h2>



<p>Settlement&nbsp;volumes&nbsp;and&nbsp;value&nbsp;through&nbsp;CDSL&nbsp;have&nbsp;shown&nbsp;an&nbsp;encouraging&nbsp;increase&nbsp;in&nbsp;recent&nbsp;months.&nbsp;The&nbsp;average&nbsp;number&nbsp;of&nbsp;shares&nbsp;settled&nbsp;through&nbsp;CDSL&nbsp;(per&nbsp;settlement)&nbsp;have&nbsp;risen&nbsp;from&nbsp;10.77&nbsp;crore&nbsp;shares&nbsp;in&nbsp;June,&nbsp;2000&nbsp;to&nbsp;16.14&nbsp;crore&nbsp;shares&nbsp;in&nbsp;November,&nbsp;2000.&nbsp;</p>



<p>Similarly,&nbsp;the&nbsp;average&nbsp;value&nbsp;of&nbsp;shares&nbsp;settled&nbsp;through&nbsp;CDSL&nbsp;(per&nbsp;settlement)&nbsp;have&nbsp;risen&nbsp;from&nbsp;Rs.&nbsp;1952.65&nbsp;crores&nbsp;in&nbsp;June,&nbsp;2000&nbsp;to&nbsp;Rs.&nbsp;2422.42&nbsp;crores&nbsp;in&nbsp;November,&nbsp;2000 which is still lower than NSDL but still very significant increase.</p>



<h2>NSDL: The&nbsp;First&nbsp;Depository</h2>



<p>The&nbsp;investor&nbsp;population&nbsp;in&nbsp;the&nbsp;country&nbsp;is&nbsp;yet&nbsp;to&nbsp;be&nbsp;adequately&nbsp;covered&nbsp;in&nbsp;terms&nbsp;of&nbsp;accessibility&nbsp;to&nbsp;depository&nbsp;services.&nbsp;Of&nbsp;an&nbsp;estimated&nbsp;population&nbsp;of&nbsp;2.4&nbsp;crore&nbsp;investors,&nbsp;only&nbsp;about&nbsp;34&nbsp;lakh&nbsp;accounts&nbsp;have&nbsp;been&nbsp;opened&nbsp;so&nbsp;far&nbsp;by&nbsp;NSDL,&nbsp;the&nbsp;first&nbsp;depository&nbsp;and&nbsp;CDS&nbsp;together.&nbsp;</p>



<p>The&nbsp;estimated&nbsp;number&nbsp;of&nbsp;eligible&nbsp;Depository&nbsp;Participants,&nbsp;including&nbsp;banks,&nbsp;custodians&nbsp;and&nbsp;stockbrokers&nbsp;is&nbsp;1000, while&nbsp;the&nbsp;Depository&nbsp;Participants&nbsp; with&nbsp;both&nbsp;depositories&nbsp; presently&nbsp; in&nbsp;about&nbsp;220.&nbsp;CDS&nbsp;would&nbsp;have&nbsp;approximately&nbsp;500&nbsp;DPs&nbsp;before&nbsp;March&nbsp;31,&nbsp;2000.</p>



<p>Further,&nbsp;SEBI&nbsp;has&nbsp;shown&nbsp;its&nbsp;earnest&nbsp;intention&nbsp;to&nbsp;introduce&nbsp;Delivery&nbsp;vs.&nbsp;Payment&nbsp;(DvP)&nbsp;settlementin&nbsp;the&nbsp;country,&nbsp;in&nbsp;line&nbsp;with&nbsp;G-30&nbsp;recommendations. To&nbsp;this&nbsp;end,&nbsp;CDS&nbsp;plans&nbsp;to&nbsp; acquire&nbsp;a&nbsp; limited&nbsp;banking&nbsp;license&nbsp;which&nbsp;will&nbsp;enable&nbsp;it&nbsp;to&nbsp;handle&nbsp;settlement-related&nbsp;funds.&nbsp;</p>



<p>It&nbsp;is&nbsp;envisaged&nbsp;the&nbsp;Reserve&nbsp;Bank&nbsp;of&nbsp;India&nbsp;will&nbsp;require&nbsp;entities&nbsp;seeking&nbsp;such&nbsp;limited&nbsp;banking&nbsp;license&nbsp;to&nbsp;have&nbsp;a&nbsp;quantum&nbsp;of&nbsp;net&nbsp;worth&nbsp;that&nbsp;is&nbsp;apart&nbsp;from&nbsp;the&nbsp;net&nbsp;worth&nbsp;requirement&nbsp;relevant&nbsp;to&nbsp;any&nbsp;other&nbsp;business&nbsp;of&nbsp;that&nbsp;entity.&nbsp;</p>



<p>Handling&nbsp;of&nbsp;settlement-related&nbsp;funds,&nbsp;can&nbsp; become&nbsp;an&nbsp;additional&nbsp; source&nbsp;of&nbsp;income&nbsp; for&nbsp; CDSL&nbsp;in&nbsp;the&nbsp;future.&nbsp;Hence&nbsp;the&nbsp;proposal&nbsp;to&nbsp;increase&nbsp;the&nbsp;paid&nbsp;up&nbsp;capital&nbsp;of&nbsp;the&nbsp;company. Thus,&nbsp;the&nbsp;scope&nbsp;for&nbsp;the&nbsp;growth&nbsp;of&nbsp; depository&nbsp;and&nbsp;related&nbsp; services&nbsp;in&nbsp;the&nbsp; country&nbsp; remains&nbsp; substantial.</p>



<p>Before&nbsp;the&nbsp;advent&nbsp;of&nbsp;screen-based&nbsp;trading&nbsp;in&nbsp;India,&nbsp;the&nbsp;investors&nbsp;were&nbsp; beleaguered&nbsp;by&nbsp; numerous&nbsp;problems&nbsp;such&nbsp;as&nbsp;long&nbsp;delay&nbsp;in&nbsp;realisation&nbsp;of&nbsp;sale&nbsp;proceeds,&nbsp;forged&nbsp;certificates,&nbsp;delays&nbsp;in&nbsp;delivery&nbsp;of&nbsp;certificates,&nbsp;bad&nbsp;deliveries&nbsp;etc.</p>



<p>Over&nbsp;the&nbsp;Counter&nbsp;Exchange&nbsp;of&nbsp;India&nbsp;(OTCEI)&nbsp;which&nbsp;entered&nbsp;into&nbsp;a&nbsp;tie-up&nbsp;with&nbsp;NASDAQ&nbsp;(National&nbsp; Association&nbsp;of&nbsp;Securities&nbsp;Dealers&nbsp;Automated&nbsp;Quotations),&nbsp;a&nbsp;completely&nbsp;automated&nbsp;exchange&nbsp;was&nbsp;the&nbsp;first&nbsp;attempt&nbsp;made&nbsp;in&nbsp;India&nbsp;to&nbsp;introduce&nbsp;screen-based&nbsp;trading&nbsp;facilities.</p>



<p>A&nbsp;screen&nbsp;-based&nbsp;trading&nbsp;system&nbsp;is&nbsp;different&nbsp;from&nbsp;the&nbsp;traditionally&nbsp;followed&nbsp;&#8216;open&nbsp;outcry&nbsp;system&#8217;.&nbsp;</p>



<p>In&nbsp;the&nbsp;open&nbsp;outcry&nbsp;system,&nbsp;the&nbsp;brokers&nbsp;shout&nbsp;out&nbsp;the&nbsp;offers&nbsp;in&nbsp;the&nbsp;trading&nbsp;rings&nbsp;of&nbsp;the&nbsp;stock&nbsp;exchange&nbsp;to&nbsp;conclude&nbsp;buy/sell&nbsp;transactions&nbsp;and&nbsp;then&nbsp;write&nbsp;down&nbsp;manually&nbsp;all&nbsp;the&nbsp;transactions&nbsp;in&nbsp;a&nbsp;book&nbsp;called&nbsp;Sauda&nbsp;Book&nbsp;whereas&nbsp;in&nbsp;a&nbsp;screen&nbsp;based&nbsp;trading&nbsp;system,&nbsp;the&nbsp;players(brokers)&nbsp;strike&nbsp;deals&nbsp;from&nbsp;their&nbsp;respective&nbsp;locations&nbsp;through&nbsp;their&nbsp;terminals&nbsp;thereby&nbsp;eliminating&nbsp;the&nbsp;need&nbsp;to&nbsp;assemble&nbsp;at&nbsp;one&nbsp;place.</p>



<p>The&nbsp;computer&nbsp;located&nbsp;at&nbsp;the&nbsp;broker&#8217;s&nbsp;end&nbsp;is&nbsp;connected&nbsp;to&nbsp;the&nbsp;central&nbsp;computer(s)&nbsp;located&nbsp;at&nbsp;the&nbsp;exchange&nbsp;through&nbsp;a&nbsp;telephone&nbsp;system&nbsp;or&nbsp;a&nbsp;satellite&nbsp;based&nbsp;system.</p>



<p>The&nbsp;central&nbsp;computer(s)&nbsp;performs&nbsp;mainly&nbsp;three&nbsp;functions&nbsp;: &#8211;</p>



<ul><li>Online&nbsp;transaction&nbsp;execution</li><li>Online&nbsp;transaction&nbsp;processing</li><li>Information&nbsp;dissemination</li></ul>



<p>The&nbsp;central&nbsp;computers&nbsp;not&nbsp;only&nbsp;provide&nbsp;transaction&nbsp;related&nbsp;inputs&nbsp;made&nbsp;by&nbsp;the&nbsp;broker,&nbsp;but&nbsp;also&nbsp;imparts&nbsp;trade&nbsp;related&nbsp;information&nbsp;(buy/sell&nbsp;prices,&nbsp;order&nbsp;value,&nbsp;the&nbsp;volume&nbsp;for&nbsp;each&nbsp;security).&nbsp;</p>



<p>The&nbsp;NSE&nbsp;has&nbsp;gone&nbsp;for&nbsp;the&nbsp;satellite-based&nbsp;connectivity&nbsp;where&nbsp;the&nbsp;brokers&nbsp;are&nbsp;linked &nbsp;to&nbsp;the&nbsp; NSE&nbsp;central&nbsp;computer(s)&nbsp;through&nbsp;Very&nbsp;Small&nbsp;Aperture&nbsp;Terminals&nbsp;(VSATs)&nbsp;installed&nbsp;at&nbsp;their&nbsp;office.</p>



<p>To&nbsp;give&nbsp;a&nbsp;more&nbsp;clear&nbsp;picture&nbsp;as&nbsp;to&nbsp;how&nbsp;transactions&nbsp;are&nbsp;executed&nbsp;in&nbsp;screen-based&nbsp;trading &nbsp;system, lets&nbsp;take&nbsp;an&nbsp;example.</p>



<p>Suppose&nbsp;an&nbsp;investor&nbsp;located&nbsp;at&nbsp;one&nbsp;of&nbsp;the&nbsp;suburbs&nbsp;of&nbsp;Rajasthan&nbsp;places&nbsp;an&nbsp;order&nbsp;for&nbsp;sale&nbsp;of&nbsp;100&nbsp;shares&nbsp;of&nbsp;Reliance&nbsp;through&nbsp;an&nbsp;NSE&nbsp;dealer&nbsp;located&nbsp;in&nbsp;his&nbsp;area&nbsp;for&nbsp;a&nbsp;price&nbsp;not&nbsp;less&nbsp;than&nbsp;Rs.1000/share.&nbsp;This&nbsp;order&nbsp;is&nbsp;disseminated&nbsp;through&nbsp;the&nbsp;network&nbsp;to&nbsp;all&nbsp;the&nbsp;trading&nbsp;members&nbsp;all&nbsp;over&nbsp;the&nbsp;country.&nbsp;</p>



<p>Now,&nbsp;if&nbsp;an&nbsp;investor&nbsp;in&nbsp;Delhi&nbsp;wants&nbsp;to&nbsp;buy&nbsp;Reliance&nbsp;at&nbsp;Rs.1500&nbsp;the&nbsp;deal&nbsp;between&nbsp;them&nbsp;will&nbsp;be&nbsp;struck.&nbsp;Therefore&nbsp;we&nbsp;can&nbsp;say&nbsp;that&nbsp;screen-based&nbsp;trading&nbsp;has&nbsp;made&nbsp;the&nbsp;system &nbsp;more&nbsp;participative&nbsp; by&nbsp;overcoming&nbsp;the&nbsp;geographical&nbsp;barriers.</p>



<p>Screen-based&nbsp;trading&nbsp;also&nbsp;strengthens&nbsp;the&nbsp;investor&nbsp;decision making&nbsp;criteria&nbsp;by&nbsp;displaying&nbsp; various&nbsp;security&nbsp;quotes&nbsp;on&nbsp;the&nbsp;trading&nbsp;screens.&nbsp;</p>



<p>This&nbsp;enables&nbsp;the&nbsp;investor&nbsp;to&nbsp;get&nbsp;a&nbsp;better&nbsp;picture&nbsp;of&nbsp;how&nbsp;the&nbsp;market&nbsp;is&nbsp;performing&nbsp;and&nbsp;then&nbsp;he&nbsp;can&nbsp;place&nbsp;the&nbsp;orders&nbsp;according&nbsp;to&nbsp;the&nbsp;market&nbsp;trend.</p>



<p>But&nbsp;to&nbsp;realise&nbsp;all&nbsp;the&nbsp;benefits&nbsp;of&nbsp;screen&nbsp;based&nbsp;trading&nbsp;system&nbsp;it&nbsp;becomes&nbsp;imperative&nbsp;to&nbsp;replace&nbsp;paper-based&nbsp;trading&nbsp;with&nbsp;the&nbsp;depository&nbsp;mechanism.</p>



<p>Therefore&nbsp;in&nbsp;1995&nbsp;Government&nbsp;of&nbsp;India&nbsp;promulgated&nbsp;Depositories&nbsp;Ordinance&nbsp;Act&nbsp;which&nbsp;later&nbsp;on&nbsp;became&nbsp;Depositories&nbsp;Act&nbsp;1996&nbsp;to&nbsp;introduce&nbsp;and&nbsp;regulate&nbsp;the&nbsp;depository&nbsp;system&nbsp;in&nbsp;India.&nbsp;Depository&nbsp;System&nbsp;facilitated&nbsp;the&nbsp;transfer&nbsp;of&nbsp;trade&nbsp;obligations&nbsp;in&nbsp;the&nbsp;electronic&nbsp;mode.</p>



<h2>Registration with the Depository.</h2>



<p>To avail the facilities of a depository, a stock exchange in India needs to approach either NSDL or CDSL and become a Depository Participant under the category of clearing house or the clearing corporation. </p>



<p>Then the members of that particular stock exchange which is registered with the depository will open an account with the same depository in their trade names. These members are called as clearing members in the depository segment and the depository account opened by them to facilitate electronic transactions is called &#8220;Clearing Member Account&#8221;. </p>



<p>This account can only be used for carrying out the clearing and settlement business of the broker&#8217;s clients. The broker cannot use this account for settling off trades done in securities registered in his own name.</p>



<h2>CDSL- A progress report</h2>



<p>Central Depository Services of (India) Limited (CDSL) will complete two years of its existence in March 2001. CDSL which is initially promoted by Stock Exchange, Mumbai in association with few of the leading banks like State Bank of India, HDFC Bank started off with its operations in July 1999 after receiving the certificate of commencement of business in February 1999.</p>



<p>Within this one year, CDSL has achieved substantial progress in terms of Depository Participants, Beneficiary Accounts, Clearing Member accounts and admission of securities for dematerialisation by the companies in the CDSL depository segment. </p>



<p>During the last twelve months, the number of registered Depository Participants with the depository has increased to 153 in 120 locations spreading across 66 cities/towns in the country. </p>



<p>Similarly, the number of securities admitted in de-materialization mode with CDSL has increased to 2580. CDSL has also tapped the debt securities segment in its depository environment. </p>



<p>It has admitted 324 debt instruments of 19 issuer companies into demat mode. To facilitate demat and trading of Government Securities, CDSL has opened SGL I &amp; II accounts with the Government. The settlement volumes handled through CDSL have also shown an upward trend. </p>



<p>The settlement figures indicate that the average settlement volumes of 11.23 crore securities per week in July, 2000 has gone up to 24.63 crore securities in the settlement cycle of February 19 to 24, 2001.</p>



<p>To keep on moving at a steady pace on the learning curve, CDSL has attained membership of The Asia Pacific Central Securities Depository Group (ACG). ACG is an organisation that facilitates exchange of information and promotes mutual assistance among member depositories and clearing organisation in the Asia-Pacific region. </p>



<p>Membership of this organisation will help CDSL in enhancing its knowledge base and contributing to the development of other member organisations in the fields of international best practices, settlement risk management, cross border linkage and technological development.</p>



<h2>Status of CDSL and NSDL</h2>



<p>The statistical figures for the month of February shows that CDSL has signed agreements with 2579 companies. Of these 2550 Companies are available for depository services. CDSL has 153 Depository Participants offering depository services in 66 cities/towns across 120 locations in the country . </p>



<p>In terms of dematerialisation, more than 131.43 lakh shares were dematerialised. With respect to the settlement figures as in February, 2001, a total quantity of 9064 lakh shares worth Rs. 12905.16 crores were settled in demat form.</p>



<p>CDSL at present is leading the depository business in Mumbai and its related areas. The success of CDSL can also be gauged by the fact that CDSL is getting its business mainly from Mumbai and its neighboring areas whereas NSDL has well-established network throughout the country, then also according to the statistical figures CDSL is at par with NSDL.</p>



<p>Please note that to avail of the various services offered by a Depository participant of NSDL an investor / broker has to open a NSDL Depository account.</p>
]]></content:encoded>
					
					<wfw:commentRss>http://www.karmanullify.com/nsdl-full-form/feed/</wfw:commentRss>
			<slash:comments>0</slash:comments>
		
		
			</item>
		<item>
		<title>PPF Interest rate (Latest 2021)&#124; PPF, EPF, LIC or Mutual Fund. Which Is the Best For Secure Future?</title>
		<link>http://www.karmanullify.com/ppf-interest-rate/</link>
					<comments>http://www.karmanullify.com/ppf-interest-rate/#respond</comments>
		
		<dc:creator><![CDATA[Karmanullify]]></dc:creator>
		<pubDate>Sat, 29 Aug 2020 12:16:12 +0000</pubDate>
				<category><![CDATA[Finance]]></category>
		<guid isPermaLink="false">http://www.karmanullify.com/?p=719</guid>

					<description><![CDATA[The full form of PPF is Public Provident Fund. PPF is an Tax free saving scheme offered by the Government Of India wherein an interest in your account is deposited every quarter and it is paid by government. The PPF interest rate for this Quarter (July 1 to September 30) is 7.10% . PPF Interest ... <a title="PPF Interest rate (Latest 2021)| PPF, EPF, LIC or Mutual Fund. Which Is the Best For Secure Future?" class="read-more" href="http://www.karmanullify.com/ppf-interest-rate/" aria-label="More on PPF Interest rate (Latest 2021)| PPF, EPF, LIC or Mutual Fund. Which Is the Best For Secure Future?">Read more</a>]]></description>
										<content:encoded><![CDATA[
<p>The full form of PPF is Public<a href="http://www.karmanullify.com/nism-research-analyst/"> Provident Fund</a>. PPF is an Tax free saving scheme offered by the Government Of India  wherein an interest in your account is deposited every quarter and it is paid by government. </p>



<p><strong>The  PPF interest rate for this Quarter (July 1 to September 30) is 7.10% .</strong></p>



<p>PPF Interest rate vary  on quarterly basis. The PPF interest rate in the previous year&#8217;s Quarter (Q4) was 7.9%.</p>



<p>Public Provident Fund are  government guaranteed scheme. One can open PPF account through bank or post office. In PPF, minimum amount one can deposit is Rs  500 up  to Rs 1.5 lakh per year. Individual have to create PPF account, anyone can open it. In PPF the collected asset get&#8217;s only invest in government securities.</p>



<p>Under 80 C of IT Act , PPF investor will get tax deduction benefit  up to Rs 1.5 lakh.  In PPF both earned interest and principal amount is tax free.</p>



<h2>PPF Interest Rate And It&#8217;s Historical Data:</h2>



<p>Few years ago PPF Interest rates were quite high around 11-12%. But now in the year 2020 it&#8217;s fall upto 7.1% as you can seen in the below table. PPF offer guaranteed return 7.1%.</p>



<figure class="wp-block-table"><table><tbody><tr><td class="has-text-align-center" data-align="center"><strong>PPF Interest Rate</strong></td><td class="has-text-align-center" data-align="center"><strong>Year</strong></td></tr><tr><td class="has-text-align-center" data-align="center">12%</td><td class="has-text-align-center" data-align="center">2000</td></tr><tr><td class="has-text-align-center" data-align="center">11%</td><td class="has-text-align-center" data-align="center">2001</td></tr><tr><td class="has-text-align-center" data-align="center">8%</td><td class="has-text-align-center" data-align="center">2011</td></tr><tr><td class="has-text-align-center" data-align="center">7.6%</td><td class="has-text-align-center" data-align="center">2018</td></tr><tr><td class="has-text-align-center" data-align="center">7.9%</td><td class="has-text-align-center" data-align="center">2019</td></tr><tr><td class="has-text-align-center" data-align="center">7.1%</td><td class="has-text-align-center" data-align="center">2020</td></tr></tbody></table></figure>



<p>In past PPF Interest Rates are huge now they are falling. So, Public Provident Fund is not that great investment options unlike Mutual Funds.</p>



<p>PPF have lockin period of 15 years. One need to put minimum  500 Rs in their PPF account. Public Provident Fund is not for NRIs. Investor can&#8217;t hold PPF on Joint accounts as per rules. PPF investor can avail loan against their PFF account balance.,</p>



<p>Only after 7 years one can withdraw some amount from their PPF account, but can only do one withdraw per year. Full withdrawal  of your amount only possible  after maturity ends i.e.  15 years.</p>



<p>One can even take loan after 3 years through their PPF account  balance&#8217;s 25% in form of loan with around 10% interest rate. </p>



<h2>Provident Fund or Employee Provident Fund:</h2>



<p>PF being short for Provident fund. PF is an equivalent of EPF (Employee Provident fund). They are basically same. PF or EPF is an government saving schemes for retired employees.</p>



<p><strong>EPF Interest rate is 8.50% for 2021.</strong></p>



<figure class="wp-block-table"><table><tbody><tr><td class="has-text-align-center" data-align="center"><strong>EPF Interest Rate</strong></td><td class="has-text-align-center" data-align="center"><strong>Year</strong></td></tr><tr><td class="has-text-align-center" data-align="center">12%</td><td class="has-text-align-center" data-align="center">2000</td></tr><tr><td class="has-text-align-center" data-align="center">9.50%</td><td class="has-text-align-center" data-align="center">2010</td></tr><tr><td class="has-text-align-center" data-align="center">8.80%</td><td class="has-text-align-center" data-align="center">2015</td></tr><tr><td class="has-text-align-center" data-align="center">8.50%</td><td class="has-text-align-center" data-align="center">2020</td></tr></tbody></table></figure>



<p>EPF account is open by Company for their employee. EPF account is only for employees unlike PPF. Here company and employee both can add money in account. </p>



<p>In EPF, money gets deducted from your salary and get deposited in PF account. In EPF, employee contribution is 12% of their basic salary+DA. 12% is get contributed in EPF account  both by employee and company.</p>



<p>While in EPF the collected money gets invested in various financial instruments like Government securities, Money market instruments, corporate bonds and even in equity at small percentage.</p>



<p>One can withdraw only partial amount from EPF account , one can withdraw  full amount only at the time of retirement or when you left job. There is an facility through which you can transfer PF amount from one company to another when you are changing your company.</p>



<p>To withdraw partial amount from you EPFaccount you need to provide valid reason for withdrawal like children&#8217;s education or medical emergency.</p>



<p>Under section 80 C of IT Act one can get tax benefit up to Rs  1.5 lakh in both EPF and PPF.</p>



<h2>LIC:</h2>



<p>LIC is also an government saving scheme where you can invest money for your bright future. </p>



<p>LIC return is around 4% to 6%. LIC tenure is flexible you can decide the tenure. But  PPF have strict locjk in period of 15 years.</p>



<p>One can even  get loans by pledging their  LIC policy. LIC offer Insurance facility while EPF and Public provident do not offer any insurance policy to their subscribers.</p>



<h2>Why Mutual Fund Is Better Option For Investment?</h2>



<p>While Mutual Fund  returns  varies as per different schemes. But the average return is mostly around 15% with compounding benefit.</p>



<p>Most mutual fund schemes have no lock in period except few like ELSS. ELSS have lock in period of 3 years with tax benefit.</p>



<p>But, Mutual fund invest significant amount in Stock market so there is some risk unlike PPF where all their asset get&#8217;s invested in Government securities so there is no risk involve.</p>



<p>But there are so many benefits of Mutual Funds which most people are not aware of. </p>



<p>Kya Mutual Fund Sahi Hai . Find your answer with our <a href="http://www.karmanullify.com/mutual-fund-sahi-hai/">Mutual Fund detailed guide.</a></p>



<p></p>



<p><strong>Disclaimer:</strong> Investment in securities market are subject to market risks, read all the related documents carefully before investing. Please read the Risk Disclosure documents carefully before investing in Equity Shares, Derivatives, Mutual fund, and/or other instruments traded on the Stock Exchanges. As investments are subject to market risks and price fluctuation risk, there is no assurance or guarantee that the investment objectives shall be achieved. Past performance of securities/instruments is not indicative of their future performance. This post is only for Educational purpose.</p>



<p></p>



<p></p>



<p></p>



<p></p>



<p>.</p>



<p></p>



<p></p>



<p></p>



<p></p>



<p>.</p>



<p></p>



<p></p>



<p></p>



<p></p>



<p></p>
]]></content:encoded>
					
					<wfw:commentRss>http://www.karmanullify.com/ppf-interest-rate/feed/</wfw:commentRss>
			<slash:comments>0</slash:comments>
		
		
			</item>
		<item>
		<title>Standalone VS Consolidated Financial Statements</title>
		<link>http://www.karmanullify.com/standalone-vs-consolidated/</link>
					<comments>http://www.karmanullify.com/standalone-vs-consolidated/#respond</comments>
		
		<dc:creator><![CDATA[Karmanullify]]></dc:creator>
		<pubDate>Mon, 03 Aug 2020 13:28:27 +0000</pubDate>
				<category><![CDATA[Finance]]></category>
		<guid isPermaLink="false">http://www.karmanullify.com/?p=314</guid>

					<description><![CDATA[Standalone VS Consolidated Financial Statements: Financial Statements are very crucial while doing Fundamental analysis of a company. Financial Statements are available in company’s Annual report. Financial statements provide information on debt and liabilities of a company, it’s balance sheet, cashflow statements and also Profit and loss statements are provided in financial statements of a company. ... <a title="Standalone VS Consolidated Financial Statements" class="read-more" href="http://www.karmanullify.com/standalone-vs-consolidated/" aria-label="More on Standalone VS Consolidated Financial Statements">Read more</a>]]></description>
										<content:encoded><![CDATA[
<h2>Standalone VS Consolidated Financial Statements:</h2>



<p>Financial Statements are very crucial while doing <a href="http://www.karmanullify.com/fundamental-vs-technical-analysis/">Fundamental</a> analysis of a company. Financial Statements  are available in company&#8217;s Annual report. </p>



<p>Financial statements provide information on debt and liabilities of a company, it&#8217;s balance sheet, cashflow statements and also Profit and loss statements are provided in financial statements of a company.</p>



<h2>Standalone vs Consolidated Balance Sheet:</h2>



<p>Through balance sheet of company one can analyze inventory and assets of a company. Every Company has to make Balance sheets and cashflow statements. </p>



<p>Cashflow statements is created to determine how much money has flow inside and outside of company. </p>



<h3><strong>Cashflow statements are created mostly on three parameters:</strong></h3>



<ul><li><strong>Business operations: </strong><ul><li>Cash in flow: total business income and profit.</li><li>Cash out flow: Business expenses.</li></ul></li></ul>



<ul><li><strong>Investement:</strong><ul><li>Cash in flow: when company sell fixed assets or shares.</li><li>Cash out flow: when company buy fixed assets.</li></ul></li></ul>



<ul><li><strong>Finance:</strong><ul><li>Cash in flow: To collect money from general public company issued Debentures.</li><li>Cash out flow: Dividend on company&#8217;s shares or interest in Debentures.</li></ul></li></ul>



<h2><strong>There Are Two Types Of Financial Statements:</strong></h2>



<ol><li>Standalone<strong> </strong>Financial Statements.</li><li>Consolidated Financial Statements.</li></ol>



<p>Standalone VS Consolidated Financial Statements. What&#8217;s  the difference?</p>



<figure class="wp-block-image size-large is-resized"><img decoding="async" src="http://www.karmanullify.com/wp-content/uploads/2020/08/statements-by-karmanullify-1024x576.jpg" alt="Standalone VS Consolidated" class="wp-image-685" width="572" height="321" srcset="http://www.karmanullify.com/wp-content/uploads/2020/08/statements-by-karmanullify-1024x576.jpg 1024w, http://www.karmanullify.com/wp-content/uploads/2020/08/statements-by-karmanullify-300x169.jpg 300w, http://www.karmanullify.com/wp-content/uploads/2020/08/statements-by-karmanullify-768x432.jpg 768w, http://www.karmanullify.com/wp-content/uploads/2020/08/statements-by-karmanullify.jpg 1280w" sizes="(max-width: 572px) 100vw, 572px" /></figure>



<p>Standalone financial statement only have information about own company&#8217;s asset and liabilities.</p>



<p>While Consolidated financial statements have information about parent company as well as information about  it&#8217;s subsidiary company </p>



<p>For Instance, let&#8217;s assume that  you own  company   ABC ltd.  But to expand your  business  you  need  my company&#8217;s XYZ ltd products. </p>



<p>So, You  bought  60% shares of   XYZ ltd.  After that ABC ltd will be known as Parent company and  XYZ ltd will be known as Subsidiary company of ABC ltd. </p>



<p>As you have 60% share in my company so you can control board of directors of XYZ ltd and can make decisions. Now as you own the parent company XYZ ltd  you have to provide two types of financial statements. </p>



<p>As per rules, Companies those who have consolidated have to prepare two types of financial statements for quarterly results after every 3 months.</p>



<p>So If you want to do  Stock Analysis of any Parent company who have intervention in management of it&#8217;s subsidiaries or have control in company&#8217;s board of directors then always consider Consolidated Financial Statements for Stock analysis and to calculate P/E ratio.</p>



<p>But if Parent company&#8217;s Subsidiary  have very different business model and parent company  doesn&#8217;t have much power in the board of directors  or decision making in that subsidiary then always do Stock Analysis on basis of Standalone Financial Statements.</p>



<p>For  Instance, ICICI Limted where parent company doesn&#8217;t have much intervention in management of it&#8217;s holding companies so while doing Stock Analysis of company&#8217;s like ICICI Limited, one should do it on basis of Standalone Financial Statements.</p>



<p>We hope you enjoy reading this article. If you have any questions or doubts regarding this post please comment below. We will do our best to help you out.</p>



<p> </p>



<p><strong>Disclaimer:</strong>&nbsp;Investment in securities market are subject to market risks, read all the related documents carefully before investing. Please read the Risk Disclosure documents carefully before investing in Equity Shares, Derivatives, Mutual fund, and/or other instruments traded on the Stock Exchanges. As investments are subject to market risks and price fluctuation risk, there is no assurance or guarantee that the investment objectives shall be achieved. Past performance of securities/instruments is not indicative of their future performance. This post is only for Educational purpose.</p>



<!-- AddToAny BEGIN -->
<div class="a2a_kit a2a_kit_size_32 a2a_default_style">
<a href="https://www.addtoany.com/share" rel="nofollow"></a>
<a class="a2a_button_whatsapp"></a>
<a class="a2a_button_facebook"></a>
<a class="a2a_button_twitter"></a>
<a class="a2a_button_reddit"></a>
<a class="a2a_button_linkedin"></a>
<a class="a2a_button_telegram"></a>
</div>
<script async="" src="https://static.addtoany.com/menu/page.js"></script>
<!-- AddToAny END -->
]]></content:encoded>
					
					<wfw:commentRss>http://www.karmanullify.com/standalone-vs-consolidated/feed/</wfw:commentRss>
			<slash:comments>0</slash:comments>
		
		
			</item>
	</channel>
</rss>
