<?xml version="1.0" encoding="UTF-8"?><rss version="2.0"
	xmlns:content="http://purl.org/rss/1.0/modules/content/"
	xmlns:dc="http://purl.org/dc/elements/1.1/"
	xmlns:atom="http://www.w3.org/2005/Atom"
	xmlns:sy="http://purl.org/rss/1.0/modules/syndication/"
	
	>
<channel>
	<title>
	Comments on: Benefits Of Forex Swing Trading	</title>
	<atom:link href="http://www.karmanullify.com/benefits-of-forex-swing-trading/feed/" rel="self" type="application/rss+xml" />
	<link>http://www.karmanullify.com/benefits-of-forex-swing-trading/</link>
	<description></description>
	<lastBuildDate>Mon, 05 Apr 2021 15:22:44 +0000</lastBuildDate>
	<sy:updatePeriod>
	hourly	</sy:updatePeriod>
	<sy:updateFrequency>
	1	</sy:updateFrequency>
	<generator>https://wordpress.org/?v=6.1.1</generator>
</channel>
</rss>
