<?xml version="1.0" encoding="UTF-8"?><rss version="2.0"
	xmlns:content="http://purl.org/rss/1.0/modules/content/"
	xmlns:wfw="http://wellformedweb.org/CommentAPI/"
	xmlns:dc="http://purl.org/dc/elements/1.1/"
	xmlns:atom="http://www.w3.org/2005/Atom"
	xmlns:sy="http://purl.org/rss/1.0/modules/syndication/"
	xmlns:slash="http://purl.org/rss/1.0/modules/slash/"
	>

<channel>
	<title>Karmanullify</title>
	<atom:link href="http://www.karmanullify.com/feed/" rel="self" type="application/rss+xml" />
	<link>http://www.karmanullify.com/</link>
	<description></description>
	<lastBuildDate>Tue, 26 Jul 2022 15:23:38 +0000</lastBuildDate>
	<language>en-US</language>
	<sy:updatePeriod>
	hourly	</sy:updatePeriod>
	<sy:updateFrequency>
	1	</sy:updateFrequency>
	<generator>https://wordpress.org/?v=6.1.1</generator>

<image>
	<url>http://www.karmanullify.com/wp-content/uploads/2020/08/logoz.png</url>
	<title>Karmanullify</title>
	<link>http://www.karmanullify.com/</link>
	<width>32</width>
	<height>32</height>
</image> 
	<item>
		<title>Penny Stocks: What it is and why it matters</title>
		<link>http://www.karmanullify.com/penny-stocks/</link>
					<comments>http://www.karmanullify.com/penny-stocks/#comments</comments>
		
		<dc:creator><![CDATA[Karmanullify]]></dc:creator>
		<pubDate>Mon, 13 Jun 2022 09:52:00 +0000</pubDate>
				<category><![CDATA[Misc]]></category>
		<guid isPermaLink="false">http://www.karmanullify.com/?p=1923</guid>

					<description><![CDATA[Penny Stocks Meaning Penny stock is a kind of stock that is being bought and sold for a very low price, not more than $5 per share. Penny stocks tend to rise in value speedily but when there are unexpected delays, the worth may possibly also fall speedily. Penny Stocks Basic Terminologies Knowing the jargon ... <a title="Penny Stocks: What it is and why it matters" class="read-more" href="http://www.karmanullify.com/penny-stocks/" aria-label="More on Penny Stocks: What it is and why it matters">Read more</a>]]></description>
										<content:encoded><![CDATA[
<h2>Penny Stocks Meaning</h2>



<p>Penny stock is a kind of stock that is being bought and sold for a very low price, not more than $5 per share. Penny stocks tend to rise in value speedily but when there are unexpected delays, the worth may possibly also fall speedily.</p>



<h2>Penny Stocks Basic Terminologies</h2>



<p>Knowing the jargon of any trade is one of the first steps in truly understanding it. Here are a few of the more important things to know in trading penny stocks.</p>



<ul><li>Ask – a term used to indicate the amount or price in which the sellers of the penny stocks are willing to sell their shares of stock to the buyers.</li></ul>



<ul><li>Averaging Down – a term that pertains to a strategy wherein the owner of the penny stock continuously buys more of the same penny stock because the share price of that penny stock has been continuously decreasing.</li></ul>



<ul><li>Risk Tolerance – a term used to describe an investor’s quality which measures how much he is willing to speculate and put at risk his investment.</li></ul>



<ul><li>Blue Chip Stocks – a term that describes the stocks owned by corporations that are deemed stable and less risky than other corporations. They usually have a large market capitalization.</li></ul>



<ul><li>Bid – a term used to indicate the amount or price in which the buyers of the penny stock are willing to buy the shares of penny stock from the sellers.</li></ul>



<ul><li>Delisting – a term used when a stock has been removed or stopped trading in a particular stock exchange. A stock may be delisted because of several reasons: the corporation did not meet the requirements of the stock exchange, transfer of the stock to a new stock exchange, or another corporation takes over the stock.</li></ul>



<ul><li>Duration of Trade Order – a term used to describe the amount of time a stock order can be valid for. Most stock orders are valid until the end of the trading day however an investor can extend or shorten the validity of his order by informing his broker.</li></ul>



<ul><li>Speculation – a term which means to risk or take a chance or gamble your investment on a stock or corporation.</li></ul>



<ul><li>Halts – a term used to describe a phenomenon where a stock stops trading. Companies usually request a halt in trading their stocks because of important information that is released by the company which oftentimes greatly impact the stock prices.</li></ul>



<ul><li>Large Cap Stocks- is a term that refers to stocks that are owned by large cap corporations or large capitalization corporations. Large cap corporations have a market capitalization of hundred millions as opposed to small cap corporations that have a market capitalization of $50 million or less.</li></ul>



<ul><li>Limit Orders – a term used to describe a situation where the investor has instructed his stockbroker to only buy or sell a particular volume of stocks when or if it reaches a particular stock price.</li></ul>



<ul><li>Takeover – a term used when a corporation buys all the stocks of another corporation with the intention of owning, acquiring and managing the sold out corporation.</li></ul>



<ul><li>Market Capitalization – a term used to indicate a corporation’s worth. It is calculated by multiplying the price per share of the stock and the total number of shares of the corporation.</li></ul>



<ul><li>Market Orders – a term used when an investor places an order to buy or sell shares of stock without specifying any desired amount of the stock price. In a market order the investor gets the best possible market price of the stock at the time he placed his order.</li></ul>



<h2>To limit losses In Penny Stocks</h2>



<ol><li>You need to know a whole lot of info regarding the stocks you’re getting</li></ol>



<p>2. You must be able to comprehend the risks involved in stocks trading</p>



<p>3. You ought to be familiar together with the stocks trading approach</p>



<p>If you wish to be profitable in Penny Stocks, you must know a number of the troubles encountered by investors. As an example, you’ll find occasions when the stock’s cost soar or drop all of a sudden.</p>



<p> If you’re caught within the trading process, it is possible to either shed a lot of money or acquire large profit. Considering that the marketplace is actually a fast-paced environment, delays frequently occur which in turn slows down executions as well as trade confirmations. Should you strategy to purchase or market stocks, you should location a limit order instead of industry orders. </p>



<p>Do not try to acquire or promote stocks at an extremely high or really reduced value. Take note from the limit order in order that you won’t drop large cash.</p>



<h2>How does the limit order function?</h2>



<p>Suppose you positioned a stock order for $10. Using the limit order, you will not end up paying a greater value like $35. </p>



<p>It is possible to also apply the limit order when you’re promoting stocks. When the limit order or target limit is hit, sudden losses could be eliminated. Nevertheless, there’s also a chance involved in putting limit orders. </p>



<p>You can not hold several of the stocks at longer intervals even if you desire to wait until finally the cost in the stock rises. You see, when the target is reached, the stocks are automatically sold.</p>



<p>On-line trading does not give immediate outcomes. There are also dangers involved in online trading. Instant stocks trading could be affected by issues with servers, modems, and delayed hardware between the broker and dealer. </p>



<p>You should know some efficient trading options just in situation a problem interrupts the transaction.</p>



<p>You will find times when the order is delayed and so they wind up producing double orders or double selling. Because of this, you will find occasions when the investor is in a position to buy stocks that they do not like or they offer stocks which might be not even theirs. </p>



<p>If you’re not really certain if the transaction was completed, regardless of whether you are purchasing or promoting, you need to quickly check using the broker.</p>



<p>You have to possess a broker who can efficiently handle stocks transactions quickly. The fast-paced industry doesn’t have space for slow investors. </p>



<p>There is no time limit with regards to trading. You are free to create investments at any time and on any sort of stock. It is your responsibility to pick a great <a href="http://www.karmanullify.com/best-stock-broker-in-india/">Stock broker </a>who can help you along with your investments. </p>



<p>Assets are very essential to investors. You need to make certain that you’re coping with the top broker in the industry. That way, you will obtain more earnings with stocks trading.</p>



<p><strong>Disclaimer:</strong> Investment in securities market are subject to market risks, read all the related documents carefully before investing. Please read the Risk Disclosure documents carefully before investing in Equity Shares, Derivatives, Mutual fund, and/or other instruments traded on the Stock Exchanges.</p>



<p>As investments are subject to market risks and price fluctuation risk, there is no assurance or guarantee that the investment objectives shall be achieved. Past performance of securities/instruments is not indicative of their future performance. This post is only for Educational purpose.</p>
]]></content:encoded>
					
					<wfw:commentRss>http://www.karmanullify.com/penny-stocks/feed/</wfw:commentRss>
			<slash:comments>1</slash:comments>
		
		
			</item>
		<item>
		<title>What happened after the Great Depression of 1929?</title>
		<link>http://www.karmanullify.com/what-happened-after-the-great-depression-of-1929/</link>
					<comments>http://www.karmanullify.com/what-happened-after-the-great-depression-of-1929/#comments</comments>
		
		<dc:creator><![CDATA[Karmanullify]]></dc:creator>
		<pubDate>Fri, 06 May 2022 17:55:00 +0000</pubDate>
				<category><![CDATA[Financial Crisis]]></category>
		<guid isPermaLink="false">http://www.karmanullify.com/?p=2868</guid>

					<description><![CDATA[What happened after the Great Depression of 1929? After the Great Depression of 1929, stocks spiraled downward for the next three years, losing a crushing 85 percent of their value. By that point, many investors abandoned the stock market altogether. But some stock strategists did recognize that stocks were ready for a rebound. Stock prices had ... <a title="What happened after the Great Depression of 1929?" class="read-more" href="http://www.karmanullify.com/what-happened-after-the-great-depression-of-1929/" aria-label="More on What happened after the Great Depression of 1929?">Read more</a>]]></description>
										<content:encoded><![CDATA[
<h2>What happened after the Great Depression of 1929?</h2>



<p>After the <a href="http://www.karmanullify.com/the-great-depression/">Great Depression </a>of 1929, stocks spiraled downward for the next three years, losing a crushing 85 percent of their value.</p>



<p>By that point, many investors abandoned the stock market altogether. But some <a href="http://www.karmanullify.com/investment-strategies-during-global-recession/">stock strategists</a> did recognize that stocks were ready for a rebound.&nbsp;Stock prices had been battered by a raft of uncertainties but that those bargains would disappear once the uncertainties were gone.</p>



<p>Stocks hit bottom the following summer and then went up 100 percent the next year.</p>



<p>Today’s generation of investors have now witnessed a decline in stocks that has been as tough as any bear market of the past century. In this downturn, stocks hit a major low in October 2002. By that time, this bear market was into its third year, had erased five years of market gains, and had dropped nearly 50 percent. The markets have not fallen into a bottomless pit, however.</p>



<p>Time and again over the past years, stocks set out on promising rallies only to be driven back down.</p>



<h2>Troubling news seemed to come from every direction:</h2>



<ul><li>the economic recovery hit a wall,</li><li>corporate earnings stayed in a hole,</li><li>oil prices spiked, and</li><li>the headlines were filled with new accounting shenanigans and corporate greed.</li><li>Looming over it all, terrorism continued to be a threat and the country readied for potential war.</li></ul>



<p>As if the news were not already bad enough, the stock market also had the calendar working against it.</p>



<p>Historically, September has the dubious distinction of being the only month when, on average, the <a href="http://www.karmanullify.com/stock-market-crash-2008/">market goes down</a>.</p>



<h2>The New era after the Great Depression of 1929</h2>



<p>Speculative bubbles and their associated new era thinking do not end definitively with a sudden, final crash. People today remember<a href="http://www.karmanullify.com/the-great-depression/"> the Great Depression of 1929</a> as occurring in one or two days. In fact, after that crash, the market recovered almost all of its lost ground by early 1930.</p>



<p>Ends of new eras seem to be periods when the national focus of debate changes and can no longer be upbeat. </p>



<p>Notable among these are<a href="http://www.karmanullify.com/subprime-mortgage-crisis/"> financial crises</a>, such as banking or exchange rate crises. These financial crisis stories illustrate the complicated factors that sometimes capture the attention of economic and financial analysts.</p>



<p>Discussions may focus on these factors and pull attention away from the large changes in public opinion that are reflected in speculative prices.</p>



<p>After the fact, it is known that the run-up in the stock market from 1920 to 1929 was a colossal mistake and that the drop from 1929 to 1932 was another colossal mistake. Virtually nothing actually happened over either of these intervals to the dividend present value.</p>



<h2>Anything I Missed?</h2>



<p>So this is What happened after the Great Depression of 1929</p>



<p>There you go guys, take all these points into account when entering the stock market.</p>



<p>And now I’d like to hear from you:</p>



<p>Or maybe you have a question.</p>



<p>Either way, let me know by leaving a comment below right now.</p>



<h2><a href="http://www.karmanullify.com/disclaimer/">Disclaimer</a></h2>
]]></content:encoded>
					
					<wfw:commentRss>http://www.karmanullify.com/what-happened-after-the-great-depression-of-1929/feed/</wfw:commentRss>
			<slash:comments>1</slash:comments>
		
		
			</item>
		<item>
		<title>Building a Sports betting program in US &#8211; Nisminc</title>
		<link>http://www.karmanullify.com/building-a-sports-betting-program-in-us-nisminc/</link>
					<comments>http://www.karmanullify.com/building-a-sports-betting-program-in-us-nisminc/#respond</comments>
		
		<dc:creator><![CDATA[Karmanullify]]></dc:creator>
		<pubDate>Sun, 24 Apr 2022 07:10:20 +0000</pubDate>
				<category><![CDATA[Misc]]></category>
		<guid isPermaLink="false">http://www.karmanullify.com/?p=5030</guid>

					<description><![CDATA[“Don’t forget about accounting,” warns Morgan Mosca, CFO of the Dalia Fencil Corporation INC, “Many sports betting companies fail to spend money when there is a good cash flow. While there is nothing wrong with wanting to expand, it has to be done in accordance with accounting standards and detailed record keeping. This is especially ... <a title="Building a Sports betting program in US – Nisminc" class="read-more" href="http://www.karmanullify.com/building-a-sports-betting-program-in-us-nisminc/" aria-label="More on Building a Sports betting program in US – Nisminc">Read more</a>]]></description>
										<content:encoded><![CDATA[
<p>“Don’t forget about accounting,” warns Morgan Mosca, CFO of the Dalia Fencil Corporation INC, “Many sports betting companies fail to spend money when there is a good cash flow. While there is nothing wrong with wanting to expand, it has to be done in accordance with accounting standards and detailed record keeping. This is especially true for public companies. Private sports betting firms can sometimes let this aspect of the business slide a little.” </p>



<p>“Starting up any sports betting business is difficult. In our case, it took about 6 months of planning, a year of fund raising, and then another 6 months of building infrastructure before we made our first sale,” states Ossie Whitmer of the Massie Schipper Partners and Ltd. Company. </p>



<p>Additionaly, fundraising for any sports betting business venture can be a daunting task. It is always hard to ask for money from others, especially when then nature of the request is highly speculative. Araceli Mcquaid, a highly successful sports betting capital management consultant, believes that planning is the key to selling your idea: “If you walk up to someone and say, ‘I’ve got a great sports betting business idea, would you contribute $100K’, they’ll probably laugh and consider you a lunatic…but, if you approach someone and say ‘Look, I have this great idea, and my plan is the following…’, it will reassure an anxious investor that things will move forward with thought and purpose.” </p>



<p>Secondly, once the business side of a prospective sports betting venture is planned, map out the human element. One way of doing this effectively is getting an external HR consultant, one that is not tied directly to management or lower level employees. This allows for impartial scrutiny of your sports betting business model and ensures that the right people are doing the right jobs. One often over looked area in online sports betting businesses is infrastructure. Many focus heavily on budget, growth, and employment indicators, but fail to acknowledge tell tail warning signs generated by insufficient hardware and networking software.</p>



<p> For any sports betting business, this can spell disaster. Once investment is secured for a sports betting venture, and proper planning has been realized, start networking within your industry. “I find that attending industry related social functions, conferences, and even my neighbors’ cocktail parties help me find new ways of growing my company,” claims Retterbush Huertas, director of the Camille Abraham Brothers firm, “By asking the right people the right questions, you’ll find that you can learn new things and different strategies for your sports betting firm that you may not have thought of before.” </p>



<p>Also key to success in the sports betting field is logistics. Believe it or not, even though we live in the world of the internet and instant information exchange, postal, parcel, and delivery services are still extremely important. Many sports betting proprietors recommend getting a Fedex, UPS, or DHL business account setup right away, so as to avoid coming out-of-pocket for routine mailings and shipments. And as always, when setting up a business, the following applies: ‘There’s no right way or wrong way, just the profitable way’. </p>



<p>Once you’ve found out how to get your sports betting firm off the ground and it is generating ROI, you’ve won half the battle and are on your way to continued success. </p>



<p>“In the case of our sports betting marketing venture, we initially started out with a simple website, and then slowly grew as sales increased,” replies Lightner Sivia, the COO of the Bard Kutchar Co-Op, “Then, the website expanded into a data warehouse – essentially a store of all things related to our marketing campaigns – which allowed us to study and refine subsequent efforts.”</p>
]]></content:encoded>
					
					<wfw:commentRss>http://www.karmanullify.com/building-a-sports-betting-program-in-us-nisminc/feed/</wfw:commentRss>
			<slash:comments>0</slash:comments>
		
		
			</item>
		<item>
		<title>Commodity Spread Trading: What it is and Why It Matters?</title>
		<link>http://www.karmanullify.com/commodity-spread-trading-what-it-is-and-why-it-matters/</link>
					<comments>http://www.karmanullify.com/commodity-spread-trading-what-it-is-and-why-it-matters/#respond</comments>
		
		<dc:creator><![CDATA[Karmanullify]]></dc:creator>
		<pubDate>Sun, 17 Apr 2022 11:16:24 +0000</pubDate>
				<category><![CDATA[Misc]]></category>
		<guid isPermaLink="false">http://www.karmanullify.com/?p=5017</guid>

					<description><![CDATA[A commodity can be defined as a product whose market value keeps on fluctuating on a daily basis. The market price of a commodity id directly proportional to its demand and supply. There are certain factors which influence the commodity price like economic trends, natural calamities, government policies, foreign exchange rated and the like. A ... <a title="Commodity Spread Trading: What it is and Why It Matters?" class="read-more" href="http://www.karmanullify.com/commodity-spread-trading-what-it-is-and-why-it-matters/" aria-label="More on Commodity Spread Trading: What it is and Why It Matters?">Read more</a>]]></description>
										<content:encoded><![CDATA[
<p>A commodity can be defined as a product whose market value keeps on fluctuating on a daily basis. The market price of a commodity id directly proportional to its demand and supply. There are certain factors which influence the commodity price like economic trends, natural calamities, government policies, foreign exchange rated and the like. A commodity generally falls into any of these three categories: Energies, Metals and Softs.</p>



<p>Since the commodity  prices have been <em><strong>subject to</strong></em> <em><strong>fluctuation</strong></em>, it becomes interesting for the investors to trade in commodities. Commodity spread trading is a strategy for making risk-less profit which gives the trader an opportunity to profit out of the difference in commodity prices. It involves simultaneous buying of one contract and selling another contract against it. There has been an increasing interest in commodity spread trading because of the boosting prices of gold and crude oil recently. </p>



<p>There are two types of <strong>commodity spread trading</strong> : Intra-<strong>commodity spread trading</strong>&#8211; It involve trading in same commodity between two different contract months thereby resulting to buying one month’s contract and selling another month’s contract. The profit in earned by locking-in the price difference. Inter-commodity spread trading- It involves buying a future contract of one commodity and simultaneous selling of future contract of another commodity.</p>



<p>The most powerful feature&nbsp;<strong>of commodity spread trading</strong>&nbsp;is that the trader needs to have only one account to trade different investment products. But it is advisable that the investors willing to trade equities and indices should have separate account for commodity-related equities and for each currency that their investments are listed in and also separate account for long and short positions. The benefit of maintaining separate account is it helps the trader in position tracking and efficient risk management.</p>



<p>The reason by most of the traders are tempted to trade commodities through spread trading is that it does not force them to settle their accounts on a certain date because even if the underlying contract expires it is automatically rolled over into the next near month and if there is a price difference it is debited or credited to the trader’s account depending on the current market scenario. Moreover, the profit earned is completely tax free. </p>



<p>Although <strong>commodity spread trading</strong> has its own benefits but is also subject to certain risk. The investor should invest his funds only up-to the limit of his loss bearing ability. It does not give the facility to use stop loss and limit orders.</p>



<p>Thus, commodity spread trading is one of the most emerging ways of trading now- a-days where the trader can trade on one or more commodities in different market by making strategic moves on the basis of small price differences although their profit margin is also very small as compared to other trading strategies.</p>
]]></content:encoded>
					
					<wfw:commentRss>http://www.karmanullify.com/commodity-spread-trading-what-it-is-and-why-it-matters/feed/</wfw:commentRss>
			<slash:comments>0</slash:comments>
		
		
			</item>
		<item>
		<title>Spread Betting For Begginners</title>
		<link>http://www.karmanullify.com/spread-betting-for-begginners/</link>
					<comments>http://www.karmanullify.com/spread-betting-for-begginners/#respond</comments>
		
		<dc:creator><![CDATA[Karmanullify]]></dc:creator>
		<pubDate>Sun, 17 Apr 2022 10:51:22 +0000</pubDate>
				<category><![CDATA[Misc]]></category>
		<guid isPermaLink="false">http://www.karmanullify.com/?p=5010</guid>

					<description><![CDATA[Spread betting is a derivative in which the trader does not own the underlying asset but simply bet on the basis of his/her predication depending in which direction the market will move, up or down. Spread is the difference between the buy price and the sell price. There are certain strategies developed which should be ... <a title="Spread Betting For Begginners" class="read-more" href="http://www.karmanullify.com/spread-betting-for-begginners/" aria-label="More on Spread Betting For Begginners">Read more</a>]]></description>
										<content:encoded><![CDATA[
<p>Spread betting is a derivative in which the trader does not  own the underlying asset but simply bet on the basis of his/her  predication depending in which direction the market will move, up or down. Spread is the difference between the buy price and the sell price. There are certain strategies developed which should be followed for a successful spread betting. </p>



<p>It is advisable that a spread better should have an account wherein he is supposed to deposit some amount in advance with a minimum of upfront cost. The doctrine of&nbsp;<strong>spread betting guide</strong>&nbsp;is : Supervision over the amount of money one can spread bet. Limit the amount of money to be utilised for spread betting up to the loss tolerance level of the spread better. Maintaining an account and monitoring that the account balance. Following the spread betting strategies. Use stop loss order to avoid making heavy losses.</p>



<p>A coin has two sides; similarly spread betting has its own benefits and risks. The benefits are: It has <a href="https://www.cityindex.co.uk/market-analysis/tax-advantages-of-spread-betting/" rel="nofollow">no capital gain tax</a> on the profits earned from spread betting in UK . It is stamp duty free. Except the amount of spread, there are no dealing charges. Account can be maintained with a small deposit amount. Negligible upfront cost. One can hold the position as long as he wishes to do so.</p>



<p>Spread betting guide is beneficial only when the risk involved with it is managed in a proper way. The major risk involved is, there can be an ample loss to a trader if he does not follows a good risk management policy. Some of these policies are as: Understanding the market: It is the main essence of betting. One should have tremendous knowledge of the market before entering into spread betting. Since the market is very volatile with a lot of ups and downs, one should have a clear understanding of the various price movements before taking any position.</p>



<p>Monitor your position: The better should have a close watch on his position each and every minute. As there is extreme fluctuation in the market every now and then, he should have a tendency to react quickly accordingly. Use stop loss and limit orders: There may probably be cases were it would not possible for the trader to continuously monitor his position. In such cases it may happen that the trader may lose control over his position which can result into a loss. Thus, stop loss and limit order is a benefit to the trader as they get executed when placed at a specified price thereby securing him from making losses.</p>



<p>Analysis: The trader should have a detailed knowledge about the fundamental and technical analysis. Fundamental analysis includes generally the ratio analysis of the underlying asset and technical analysis includes the understanding of the various types of charts which are self explanatory and have trend lines indicating the movements in the market.</p>



<p>Thus, “buy low and sell high” is the key to a successful spread betting. </p>
]]></content:encoded>
					
					<wfw:commentRss>http://www.karmanullify.com/spread-betting-for-begginners/feed/</wfw:commentRss>
			<slash:comments>0</slash:comments>
		
		
			</item>
		<item>
		<title>NISM Mock Test For Mutual Fund &#8211; Part 10 &#124; NISM V A 2022</title>
		<link>http://www.karmanullify.com/nism-mock-test-for-mutual-fund-part-10/</link>
					<comments>http://www.karmanullify.com/nism-mock-test-for-mutual-fund-part-10/#comments</comments>
		
		<dc:creator><![CDATA[Karmanullify]]></dc:creator>
		<pubDate>Wed, 01 Sep 2021 06:57:00 +0000</pubDate>
				<category><![CDATA[Misc]]></category>
		<guid isPermaLink="false">http://www.karmanullify.com/?p=886</guid>

					<description><![CDATA[This is Part 10 of our Premium NISM Mock test for NISM V A. Congrats, you have completed this 100 question mock test of NISM. We have created this platform add free and free mock tests. And we are going to add more mock test of other certifications soon. Please give us 5 star rating ... <a title="NISM Mock Test For Mutual Fund – Part 10 | NISM V A 2022" class="read-more" href="http://www.karmanullify.com/nism-mock-test-for-mutual-fund-part-10/" aria-label="More on NISM Mock Test For Mutual Fund – Part 10 | NISM V A 2022">Read more</a>]]></description>
										<content:encoded><![CDATA[
<p>This is Part 10 of our Premium NISM Mock test for <strong><a href="http://www.karmanullify.com/nism-mock-test-2020/">NISM V A</a></strong>.</p>



<div class = "hdq_quiz_wrapper"><a href = "http://www.karmanullify.com/nism-mock-test-for-mutual-fund-part-10/" rel="noamphtml" class = "hdq_quiz_start hdq_button button" role = "button" title = "Start Now">Start Now</a></div>



<p></p>



<p></p>



<p></p>



<h2><strong>Congrats, you have completed this 100 question mock test of NISM. </strong></h2>



<blockquote class="wp-block-quote"><p> We have created this platform add free and free mock tests. And we are going to add more mock test of other certifications soon. Please give us <a href="https://www.trustpilot.com/review/karmanullify.com">5 star rating at trustpilot</a>,  to enjoy more premium content for free. </p></blockquote>



<p>Best of Luck for your Exam!</p>



<p></p>



<p></p>



<p></p>



<p><strong>Other Certifications:</strong></p>



<p><strong>Please keep this in mind the below paragraph is not related to NISM VA.</strong> This is only written to aware you about other certification other then NISM. If you are not interested, ignore reading </p>



<h3><strong>The stock market courses of Karmanullify are suitable for the following categories of personnel:</strong></h3>



<ul><li>Investrors and Traders in Financial and Commodities Market</li><li>Professionals seeking careers in Financial and Commodities Market</li><li>Students pursuing education in Commerce and Business Management</li><li>IT Preofessional seeking Financial Sector Domain Knowledge</li><li>Treasury Managers</li><li>Producers and Consumers of Commodities.</li></ul>



<p>If you have any doubt please comment below..</p>



<p><strong>Subcribe Below to get your Prize. We will sent you your prize within 10 minutes by Email. So Subscribe Now.</strong></p>



<!--Zoho Campaigns Web-Optin Form's Header Code Starts Here-->

<script type="text/javascript" src="https://zc1.maillist-manage.in/js/optin.min.js" onload="setupSF('sfe03f851e48ffaed193b28d9b84f6e6a7757035ba063f0df6','ZCFORMVIEW',false,'light',false,'0')"></script>
<script type="text/javascript">
	function runOnFormSubmit_sfe03f851e48ffaed193b28d9b84f6e6a7757035ba063f0df6(th){
		/*Before submit, if you want to trigger your event, "include your code here"*/
	};
</script>

<style>
::-webkit-input-placeholder {
    color: rgb(62, 62, 62)
}
</style>

<!--Zoho Campaigns Web-Optin Form's Header Code Ends Here--><!--Zoho Campaigns Web-Optin Form Starts Here-->

<div id="sfe03f851e48ffaed193b28d9b84f6e6a7757035ba063f0df6" data-type="signupform" style="opacity: 1;">
	<div id="customForm">
		<div name="SIGNUP_BODY" changeitem="BG_IMAGE" style="width: 300px; height: 445px; position: relative; font-family: &quot;Arial&quot;; background-color: rgb(255, 255, 255); margin: auto; overflow: hidden">
			<div changeitem="ELEGANTFORM_IMAGE" style="width: 100%; height: 100%; position: absolute; bottom: 0">
				<img decoding="async" src="https://campaign-image.com/zohocampaigns/1301d85c_sign_form_bg_27_2_1.png" style="width: 100%; height: 100%; position: relative">
			</div>
			<div style="text-align: center; width: 100%; float: left; margin-top: 115px; position: relative; z-index: 2">
				<div style="position:relative;">
					<div id="Zc_SignupSuccess" style="display:none;position:absolute;margin-left:4%;width:90%;background-color: white; padding: 3px; border: 3px solid rgb(194, 225, 154);  margin-top: 10px;margin-bottom:10px;word-break:break-all">
						<table width="100%" cellpadding="0" cellspacing="0" border="0">
							<tbody>
								<tr>
									<td width="10%">
										<img decoding="async" class="successicon" src="https://zc1.maillist-manage.in/images/challangeiconenable.jpg" align="absmiddle">
									</td>
									<td>
										<span id="signupSuccessMsg" style="color: rgb(73, 140, 132); font-family: sans-serif; font-size: 14px;word-break:break-word">&nbsp;&nbsp;Thank you for Signing Up</span>
									</td>
								</tr>
							</tbody>
						</table>
					</div>
				</div>
				<form method="POST" id="zcampaignOptinForm" style="margin: 0px; width: 100%; color: rgb(255, 255, 255)" action="https://maillist-manage.in/weboptin.zc" target="_zcSignup">
					<div style="background-color: rgb(255, 235, 232); padding: 10px; color: rgb(210, 0, 0); font-size: 11px; border: 1px solid rgb(255, 217, 211); opacity: 1; position: absolute; width: 80%; margin: 20px 10%; box-shadow: rgb(27, 27, 27) 0px 5px 12px 0px; margin: -50px 10%; z-index: 2; box-sizing: border-box; display: none" id="errorMsgDiv">Please correct the marked field(s) below.</div>
					<div style="font-size: 18px; font-family: &quot;Poppins&quot;, &quot;Arial&quot;, sans-serif; font-weight: bold; color: rgb(62, 62, 62); line-height: 1.556; text-align: center; margin: 10px 0 15px; width: 100%; float: left">Get it Before Offers End!</div>
					<div style="font-size: 14px; font-family: &quot;Poppins&quot;, &quot;Arial&quot;, sans-serif; font-weight: normal; color: rgb(62, 62, 62); float: left; text-align: center; width: 100%; margin: 0 0 20px">Get Access of our
						<br>Premium Material for Free!</div>
					<div style="position: relative; width: 230px; height: 40px; margin-bottom: 20px; display: inline-block">
						<input type="text" style="border: 1px solid rgb(188, 188, 188); outline: none; border-radius: 15px; background-color: transparent; width: 100%; height: 100%; color: rgb(136, 136, 136); font-family: &quot;Poppins&quot;, &quot;Arial&quot;, sans-serif; text-align: left; padding: 5px 10px" placeholder="Name" changeitem="SIGNUP_FORM_FIELD" name="FIRSTNAME" id="FIRSTNAME">
					</div>
					<div style="text-align: center; width: 230px; height: 40px; margin: auto; margin-bottom: 20px">
						<div id="Zc_SignupSuccess" style="position: absolute; width: 87%; background-color: white; padding: 3px; border: 3px solid rgb(194, 225, 154); margin-bottom: 10px; word-break: break-all; opacity: 1; display: none">
							<div style="width: 20px; padding: 5px; display: table-cell">
								<img decoding="async" class="successicon" src="https://campaigns.zoho.com/images/challangeiconenable.jpg" style="width: 20px">
							</div>
							<div style="display: table-cell">
								<span id="signupSuccessMsg" style="color: rgb(73, 140, 132); font-family: sans-serif; font-size: 14px; line-height: 30px; display: block"></span>
							</div>
						</div>
						<input placeholder="Email Address" changeitem="SIGNUP_FORM_FIELD" name="CONTACT_EMAIL" id="EMBED_FORM_EMAIL_LABEL" type="text" style="border: 1px solid rgb(188, 188, 188); outline: none; border-radius: 15px; background-color: transparent; width: 100%; height: 100%; color: rgb(136, 136, 136); font-family: &quot;Poppins&quot;, &quot;Arial&quot;, sans-serif; text-align: left; padding: 5px 10px">
					</div>
					<div style="position: relative; width: 230px; height: 42px; margin-top: 15px; display: inline-block">
						<input type="button" style="text-align: center; background-color: rgb(255, 252, 0); color: rgb(0, 0, 0); width: 100%; height: 100%; border-radius: 15px; border: 0; cursor: pointer; outline: none; font-size: 14px; font-weight: bold; font-family: &quot;Poppins&quot;, &quot;Arial&quot;, sans-serif" name="SIGNUP_SUBMIT_BUTTON" id="zcWebOptin" value="Sign Up">
					</div>
					<input type="hidden" id="fieldBorder" value="">
					<input type="hidden" id="submitType" name="submitType" value="optinCustomView">
					<input type="hidden" id="emailReportId" name="emailReportId" value="">
					<input type="hidden" id="formType" name="formType" value="QuickForm">
					<input type="hidden" name="zx" id="cmpZuid" value="1df899cf66">
					<input type="hidden" name="zcvers" value="2.0">
					<input type="hidden" name="oldListIds" id="allCheckedListIds" value="">
					<input type="hidden" id="mode" name="mode" value="OptinCreateView">
					<input type="hidden" id="zcld" name="zcld" value="1932916ebe31330">
					<input type="hidden" id="document_domain" value="">
					<input type="hidden" id="zc_Url" value="zc1.maillist-manage.in">
					<input type="hidden" id="new_optin_response_in" value="0">
					<input type="hidden" id="duplicate_optin_response_in" value="0">
					<input type="hidden" name="zc_trackCode" id="zc_trackCode" value="ZCFORMVIEW">
					<input type="hidden" id="zc_formIx" name="zc_formIx" value="e03f851e48ffaed193b28d9b84f6e6a7757035ba063f0df6">
					<input type="hidden" id="viewFrom" value="URL_ACTION">
					<span style="display: none" id="dt_CONTACT_EMAIL">1,true,6,Contact Email,2</span>
					<span style="display: none" id="dt_FIRSTNAME">1,false,1,First Name,2</span>
					<span style="display: none" id="dt_LASTNAME">1,false,1,Last Name,2</span>
				</form>
			</div>
		</div>
	</div>
	<img decoding="async" src="https://zc1.maillist-manage.in/images/spacer.gif" id="refImage" onload="referenceSetter(this)" style="display:none;">
</div>
<input type="hidden" id="signupFormType" value="QuickForm_Vertical">
<div id="zcOptinOverLay" oncontextmenu="return false" style="display:none;text-align: center; background-color: rgb(0, 0, 0); opacity: 0.5; z-index: 100; position: fixed; width: 100%; top: 0px; left: 0px; height: 988px;"></div>
<div id="zcOptinSuccessPopup" style="display:none;z-index: 9999;width: 800px; height: 40%;top: 84px;position: fixed; left: 26%;background-color: #FFFFFF;border-color: #E6E6E6; border-style: solid; border-width: 1px;  box-shadow: 0 1px 10px #424242;padding: 35px;">
	<span style="position: absolute;top: -16px;right:-14px;z-index:99999;cursor: pointer;" id="closeSuccess">
		<img decoding="async" src="https://zc1.maillist-manage.in/images/videoclose.png">
	</span>
	<div id="zcOptinSuccessPanel"></div>
</div>

<!--Zoho Campaigns Web-Optin Form Ends Here-->
]]></content:encoded>
					
					<wfw:commentRss>http://www.karmanullify.com/nism-mock-test-for-mutual-fund-part-10/feed/</wfw:commentRss>
			<slash:comments>19</slash:comments>
		
		
			</item>
		<item>
		<title>Margin Trading Dangers Highlighted by actual Cases</title>
		<link>http://www.karmanullify.com/margin-trading-dangers-highlighted-by-actual-cases/</link>
					<comments>http://www.karmanullify.com/margin-trading-dangers-highlighted-by-actual-cases/#respond</comments>
		
		<dc:creator><![CDATA[Karmanullify]]></dc:creator>
		<pubDate>Wed, 11 Aug 2021 05:22:30 +0000</pubDate>
				<category><![CDATA[Misc]]></category>
		<guid isPermaLink="false">http://www.karmanullify.com/?p=4168</guid>

					<description><![CDATA[Several unusual high profile company fraction effect collapses on the Australian Stock Exchange highlight the inconvenience posed to ordinary shareholders from gargantuan scale margin trading of shares by directors of listed firms. So dramatic have been the consequences that no equities investor can afford to ignore the lessons. vital shareholdings by directors in a listed ... <a title="Margin Trading Dangers Highlighted by actual Cases" class="read-more" href="http://www.karmanullify.com/margin-trading-dangers-highlighted-by-actual-cases/" aria-label="More on Margin Trading Dangers Highlighted by actual Cases">Read more</a>]]></description>
										<content:encoded><![CDATA[
<p>Several unusual high profile company fraction effect collapses on the Australian Stock Exchange highlight the inconvenience posed to ordinary shareholders from gargantuan scale margin trading of shares by directors of listed firms. So dramatic have been the consequences that no equities investor can afford to ignore the lessons.</p>



<p>vital shareholdings by directors in a listed company have traditionally been viewed favorably as an alignment of executives’ and other private shareholders’ interests, but this ideal can be dramatically compromised in cases where those enormous shareholdings have been aggregated through, and remain security for, margin loans. Directors leveraging into positions well beyond their capacity to meet margin calls may beget a known and acceptable risk for themselves but their actions inescapably also construct a considerable but hidden and usually unsuspected risk for other shareholders.</p>



<p>On exposure in a falling market, the consequences can be devastating to all concerned.</p>



<p>Basically margin trading involves borrowing through a brokerage to grasp shares on deposit with the shares purchased being held as collateral for the loan. As with all leveraged investments the potential for both amplified profits and losses exists, but particular additional risks save to margin trading of shares.</p>



<p>Depending on the particular part being purchased and subject to other margin narrative criteria such as maintenance of a minimum balance, a private investor may be able to borrow, say, 50 loan to collateral value must be maintained at all times – hence a 50, owing to the director’s perceived influence on the company and the scale of business such a win will bring to the margin broker. Thus the director’s margin is only 20 of the assume label of one million $10 shares through a margin broker. Borrowings amount to $8 million with $2 million “equity” being saved up by the director to complete the $10 million remove. Furthermore, the margin trading agreement states that a minimum 80 to a market value of $9 per piece will sever the director’s holding of 1 million shares to a value of $9 million, but calm carrying the $8 million debt and therefore breaching the 80 loss) will then be served with a “margin call” for a further $1 million to re-establish the novel loan/asset ratio. Failure to meet the call will invoke conditions allowing the margin broker to sell some of the holding to re-establish the required 80 in the $10 part designate to $8 would search for the director’s initial $2 million equity wiped out altogether and, in the absence of any margin call being met, the broker would very likely dump the entire holding at best tag to minimize losses. Apart from sheer pressure of volume, attendant negative publicity through stock exchange disclosure requirements would probably discover the company’s fraction stamp devastated even though the company may remain as a viable enterprise. Any shortfall in recovery by the broker through sale of shares held as collateral would remain a liability against the director.</p>



<p>In this residence private shareholders become unsuspecting victims of a risk they didn’t even know existed.</p>



<p>This scenario is far from academic. In a number of now salient Australian cases, dumping of directors’, executives’ and related party holdings have indeed seen part prices slashed, stock exchange listings suspended, directors and executives lose their jobs with their entire company shareholdings wiped out. Residual personal liabilities are suspected of being broad in some cases. Consequently, private investors have also suffered massive write downs in the value of their acquire holdings.</p>



<p>Needless to say, any company subject to such a fate will accumulate it nearly impossible to raise new equity capital and will pay heavily for debt – particularly in today’s credit crunched world. Assuming the enterprise can remain solvent, aggressive sale of assets becomes the most logical choice to fund a restructuring program.</p>



<p>Private investors engaged in margin trading the same company may well suffer a similar fate to the directors, albeit without a loss of employment.</p>



<p>A more detailed case inspect is available through the resource link.</p>



<p>As the case observes points out, effects of a major margin call default can be widespread and devastating, seriously affecting even secured investors in related companies.</p>



<p>So how should the private investor guard against such an unwelcome outcome to a seemingly quite reasonable investment?</p>



<p>As we have discussed, potentially damaging margin trading by directors and executives can be difficult to detect, but some clues may be available through stock exchange announcements. Better serene, fair ask the Company Chairman through private correspondence or at the Shareholder’s Annual General Meeting. Companies able to record a super slate in respect of such activities are likely to be gay to do so. Investigate the others.</p>



<p>In one current case it turns out that not only were directors purchasing shares on margin for their maintain accounts but were also margin trading other listed shares with shareholders’ funds in the Company’s name. Needless to say the Company and its shareholders soon lost many millions of dollars once markets suffered a modest reversal.</p>



<p>For the private investor, friendly advice is to avoid margin trading through a margin broker altogether. This, however, does not completely exclude the leveraged seize of shares which remains a capable investment strategy under distinct circumstances. It does, however, station important separation between financier, share broker and shareholder.</p>



<p>In one new Australian margin trading case, some private investors reportedly had their entire nominee-held fraction portfolios seized and sold to recompense the margin financier, a major bank. When the margin brokerage house collapsed, private investors were left as unsecured creditors of the failed broker. Prospects of recovery from this set would be murky indeed.</p>



<p>At a time when ever more complex means of trading frail section markets are being developed, such as options, short selling, stock borrowing and margin trading, investors need to recognize that novel opportunities for exceptional profit also bring exceptional unusual risks. Some may well be hidden tedious a conceal of “immateriality” even though potential consequences could be disastrous.</p>



<p>In summary, private investors can minimize exposure to margin trading risk by taking a few precautions:</p>



<p>“Treat very hastily growing companies with caution. These companies and their high profile directors seem most susceptible to the allure of sizable rewards offered by serious margin trading while overlooking the exceptional risks posed to both themselves and others.<br><br>“expect available stock exchange announcements and news to unearth margin trading practices relating to major shareholdings, including those of directors, executives and related parties. These may be difficult to score and define, but they do exist.<br><br>“Simply ask the Company Chairman if Directors and Executives or even the Company itself, is fervent in margin trading the company’s hold shares – if the reply is yes, pause away.<br><br>“Also ask if shareholders’ funds are being extinct to margin trade any other company’s shares – hidden peril lurks there too.<br><br>“Avoid personal utilize of margin allotment trading accounts altogether – borrow elsewhere if you intend to exhaust leverage for piece purchases.<br><br>“Ensure any shares you bewitch on leverage are registered in your occupy name to avoid the possibility of seizure by a higher ranking creditor should your share brokerÂs business collapse.</p>



<p>Eventually disclosure of margin trading by company directors, executives and related parties may become mandatory under stock exchange listing rules, but until that time equity investors will need to include “margin trading risk” as yet another factor for their possess determination.</p>
]]></content:encoded>
					
					<wfw:commentRss>http://www.karmanullify.com/margin-trading-dangers-highlighted-by-actual-cases/feed/</wfw:commentRss>
			<slash:comments>0</slash:comments>
		
		
			</item>
		<item>
		<title>Predatory Mortgage Lending</title>
		<link>http://www.karmanullify.com/predatory-mortgage-lending/</link>
					<comments>http://www.karmanullify.com/predatory-mortgage-lending/#respond</comments>
		
		<dc:creator><![CDATA[Karmanullify]]></dc:creator>
		<pubDate>Mon, 09 Aug 2021 03:43:14 +0000</pubDate>
				<category><![CDATA[Misc]]></category>
		<guid isPermaLink="false">http://www.karmanullify.com/?p=4109</guid>

					<description><![CDATA[We have all heard the stories in the press about elderly people losing their homes due to unfair lending practices. Most reputable banks would never consider bilking their customers out of their life savings but there are many small, private lenders that would only be too happy at the opportunity to do it. The act ... <a title="Predatory Mortgage Lending" class="read-more" href="http://www.karmanullify.com/predatory-mortgage-lending/" aria-label="More on Predatory Mortgage Lending">Read more</a>]]></description>
										<content:encoded><![CDATA[
<p>We have all heard the stories in the press about elderly people losing their homes due to unfair lending practices. Most reputable banks would never consider bilking their customers out of their life savings but there are many small, private lenders that would only be too happy at the opportunity to do it. The act of lending money under conditions unfair to the borrower is referred to predatory lending. Let’s examine the finer points of predatory mortgage lending.</p>



<p>Predatory mortgage lending has become a major policy issue for financial institutions throughout the nation. Nearly every federal financial services regulatory agency has denounced the practice, and has attempted to address the problem by pressuring legislators to enact laws that protect consumers from these fraudulent practices. </p>



<p>Many states have enacted laws to protect their citizens from unfair banking practices, in part due to the policy papers issued by the major financial institutions</p>



<p>Predatory mortgage lending is characterized by the following: excessively high interest rates or fees, abusive or unnecessary provisions with no benefit to the borrower, large prepayment penalties, and underwriting that ignores the borrower’s ability to repay the loan in question. </p>



<p>As the details and conditions of each financial transaction differ, high interest rates alone do not constitute predatory lending. To qualify as predatory lending, the transaction must contain three of the above stated conditions.</p>



<p>Many predatory lenders use fraudulent target marketing to identify their potential customers. These unscrupulous financial institutions tend to concentrate on people that are lacking a sound understanding of finance. Predatory lenders almost exclusively look for people with limited education that are unable to grasp the finer details of their loan conditions. They also regularly prey on the elderly, as they have limited incomes and significant equity in their homes.</p>



<p>If you or someone you know is considering borrowing for a mortgage, please take some time to educate yourselves about the potential pitfalls. Always deal with reputable financial institutions. If you have any concerns about the business practices of a particular financial institution, you can always try investigating them at the &#8220;Better Business Bureau&#8221;. </p>



<p>If you are not comfortable doing business with them, be sure that you do not sign anything. Take some time to speak with friends or family, and try to do business with companies that they trust and have put their faith in. In this day and age, it pays to be an educated consumer.</p>
]]></content:encoded>
					
					<wfw:commentRss>http://www.karmanullify.com/predatory-mortgage-lending/feed/</wfw:commentRss>
			<slash:comments>0</slash:comments>
		
		
			</item>
		<item>
		<title>What is Non Banking Financial Company (NBFC)?</title>
		<link>http://www.karmanullify.com/what-are-nbfcs/</link>
					<comments>http://www.karmanullify.com/what-are-nbfcs/#respond</comments>
		
		<dc:creator><![CDATA[Karmanullify]]></dc:creator>
		<pubDate>Fri, 25 Jun 2021 04:21:23 +0000</pubDate>
				<category><![CDATA[Finance]]></category>
		<guid isPermaLink="false">http://www.karmanullify.com/?p=3558</guid>

					<description><![CDATA[If you have a regular deal with a bank you may know about the banks in India, which are offering which products, interest rates, etc. The banking industry of India is growing fast with entry of lots of new private sector banks along with foreign banks entry into the country. The public sector banks are ... <a title="What is Non Banking Financial Company (NBFC)?" class="read-more" href="http://www.karmanullify.com/what-are-nbfcs/" aria-label="More on What is Non Banking Financial Company (NBFC)?">Read more</a>]]></description>
										<content:encoded><![CDATA[
<p>If you have a regular deal with a bank you may know about the banks in India, which are offering which products, interest rates, etc. The banking industry of India is growing fast with entry of lots of new private sector banks along with foreign banks entry into the country. </p>



<p>The public sector banks are doing good business offering a wide variety of innovative products. The major products are indeed loans, bank insurance and investment; here you get the name of the BANKS and&nbsp;<strong>NBFC</strong>&nbsp;in India including Indian and foreign banks.</p>



<p>Besides the major public sector banks in India, the private banks have been also offering good service throughout the country. Foreign banks also have good business in urban India and offer a wide range of products to the customers.</p>



<p>A&nbsp;<strong>non banking finance company</strong>&nbsp;(NBFC) is a company registered under the Companies Act, 1956 and it deals with a wide variety of business like loans and advances, acquisition of shares, stocks, bonds, etc. issued by governments. Its principal business is receiving deposits under any scheme and lending in any manner.</p>



<p>An NBFC Guidelines&nbsp;differs from banks as it cannot accept demand deposits and it is not a part of payment and settlement system. It cannot issue cheque to its customers. </p>



<p>The types of&nbsp;<strong>NBFC registration</strong>&nbsp;at Reserve Bank of India are equipment leasing company, hire-purchase Company, Loan Company and Investment Company. The new classifications with effect from December 6, 2006 are the Asset Finance Company (AFC), Investment Company (IC) and Loan Company (LC). </p>



<p></p>
]]></content:encoded>
					
					<wfw:commentRss>http://www.karmanullify.com/what-are-nbfcs/feed/</wfw:commentRss>
			<slash:comments>0</slash:comments>
		
		
			</item>
		<item>
		<title>Want To Get Loan On Your FD Or Mutual Funds ? The Ultimate Guide To Cash Credit  Loan And Overdraft Loans</title>
		<link>http://www.karmanullify.com/cash-credit-loan/</link>
					<comments>http://www.karmanullify.com/cash-credit-loan/#respond</comments>
		
		<dc:creator><![CDATA[Karmanullify]]></dc:creator>
		<pubDate>Sun, 06 Jun 2021 10:31:00 +0000</pubDate>
				<category><![CDATA[Finance]]></category>
		<guid isPermaLink="false">http://www.karmanullify.com/?p=248</guid>

					<description><![CDATA[In recent times, the popularity of mutual funds has been increasing at astonishing speed. Numerous people are investing their hard-earned money in mutual funds and slowly but steadily, mutual funds are making place in the hearts of masses. They are absolutely easy to use and even people with little or no knowledge can make big ... <a title="Want To Get Loan On Your FD Or Mutual Funds ? The Ultimate Guide To Cash Credit  Loan And Overdraft Loans" class="read-more" href="http://www.karmanullify.com/cash-credit-loan/" aria-label="More on Want To Get Loan On Your FD Or Mutual Funds ? The Ultimate Guide To Cash Credit  Loan And Overdraft Loans">Read more</a>]]></description>
										<content:encoded><![CDATA[
<p>In recent times, the popularity of <a href="http://www.karmanullify.com/nism-mock-test-va/">mutual funds </a>has been increasing at astonishing speed. Numerous people are investing their hard-earned money in mutual funds and slowly but steadily, mutual funds are making place in the hearts of masses. They are absolutely easy to use and even people with little or no knowledge can make big money.</p>



<h2>Bank Offers Two Type Of Loans: </h2>



<ol><li>Cash credit loan.</li><li>Overdraft loan.</li></ol>



<p>Only Business get cash credit loan when they need cash for inventories to run their business efficiently. Cash credit loans are not for Individuals.  Cash credit are short term loan offer by bank to businesses for capital requirement to manage their cash cycle.</p>



<p>While in Overdraft , there is no hard and fast rule, both businesses and even individuals with good CIBIL score is eligible for overdraft loan. This is why it is very important to improve your CIBIL score. One can get overdraft loan on Mutual funds and Fixed deposits as well. </p>



<h2>Examples</h2>



<p>For example: if one took FD of Rs.5 lacs then one can get up to 85% overdraft loan on it. But in case of Equity mutual fund one can get upto 50-60 % of NAV (Net Asset Value). </p>



<p>In overdraft loan, you don&#8217;t need to create separate account as you get loans through current account and fixed deposits.</p>



<p>But interest rate for Overdraft loans are generally high for current account compare to savings account. These types of loans are  also considered as unverified loan. In case of defaults, Bank recover their money from individuals through securities and from businesses through inventories.</p>



<p>The best part of investing money in mutual funds is the professional management of investments. Generally, fund managers run mutual funds and watch investments on daily basis. It is very difficult to get such a level of money management at any other place.</p>



<p>Secondly, mutual funds are popular for their ability of liquidation. At any given day, an individual can sell his/her shares and there will be no issues against such a behavior. One can compare the time taken for the liquidation of stocks as compared to that of mutual funds. This benefits investors in many instances.</p>



<p>For instance, if an investor has shares in mutual funds and wants to sell them due to impending losses, then he can sell them without any hassles and save himself from undergoing losses, which is not the case in other investment options.</p>



<h2 id="block-25708f4d-3f19-444e-aec5-53b5a1136d81">Anything I Missed?</h2>



<p id="block-5da7b1e4-acef-4f9b-a419-ff096c99a80f">And now I’d like to hear from you:</p>



<p id="block-b4628d0f-fbf0-4d82-b495-8fbd87c2c56f">Or maybe you have a question.</p>



<p id="block-b897635a-3376-43d7-b62f-6a0d739ff835">Either way, let me know by leaving a comment below right now.</p>



<h2 id="block-d8e769e5-51b8-413f-a09c-2e34e7cfc1ca"><a href="http://www.karmanullify.com/disclaimer/">DISCLAIMER</a></h2>
]]></content:encoded>
					
					<wfw:commentRss>http://www.karmanullify.com/cash-credit-loan/feed/</wfw:commentRss>
			<slash:comments>0</slash:comments>
		
		
			</item>
	</channel>
</rss>
