<?xml version="1.0" encoding="UTF-8"?><rss version="2.0"
	xmlns:content="http://purl.org/rss/1.0/modules/content/"
	xmlns:dc="http://purl.org/dc/elements/1.1/"
	xmlns:atom="http://www.w3.org/2005/Atom"
	xmlns:sy="http://purl.org/rss/1.0/modules/syndication/"
	
	>
<channel>
	<title>
	Comments on: Three Forms of Economic Systems We Have After the Market Crash of 2008	</title>
	<atom:link href="http://www.karmanullify.com/three-forms-of-economic-systems/feed/" rel="self" type="application/rss+xml" />
	<link>http://www.karmanullify.com/three-forms-of-economic-systems/</link>
	<description></description>
	<lastBuildDate>Wed, 20 Apr 2022 09:26:37 +0000</lastBuildDate>
	<sy:updatePeriod>
	hourly	</sy:updatePeriod>
	<sy:updateFrequency>
	1	</sy:updateFrequency>
	<generator>https://wordpress.org/?v=6.1.1</generator>
	<item>
		<title>
		By: lion		</title>
		<link>http://www.karmanullify.com/three-forms-of-economic-systems/#comment-4035</link>

		<dc:creator><![CDATA[lion]]></dc:creator>
		<pubDate>Wed, 20 Apr 2022 09:26:37 +0000</pubDate>
		<guid isPermaLink="false">http://www.karmanullify.com/?p=2968#comment-4035</guid>

					<description><![CDATA[Great stuff. I&#039;d like to recommend checking out such as something like more. What do you think?]]></description>
			<content:encoded><![CDATA[<p>Great stuff. I&#8217;d like to recommend checking out such as something like more. What do you think?</p>
]]></content:encoded>
		
			</item>
	</channel>
</rss>
