<?xml version="1.0" encoding="UTF-8"?><rss version="2.0"
	xmlns:content="http://purl.org/rss/1.0/modules/content/"
	xmlns:dc="http://purl.org/dc/elements/1.1/"
	xmlns:atom="http://www.w3.org/2005/Atom"
	xmlns:sy="http://purl.org/rss/1.0/modules/syndication/"
	
	>
<channel>
	<title>
	Comments on: Stock Market Terms: The Only Guide You Need	</title>
	<atom:link href="http://www.karmanullify.com/stock-market-terms/feed/" rel="self" type="application/rss+xml" />
	<link>http://www.karmanullify.com/stock-market-terms/</link>
	<description></description>
	<lastBuildDate>Thu, 26 Aug 2021 06:47:41 +0000</lastBuildDate>
	<sy:updatePeriod>
	hourly	</sy:updatePeriod>
	<sy:updateFrequency>
	1	</sy:updateFrequency>
	<generator>https://wordpress.org/?v=6.1.1</generator>
	<item>
		<title>
		By: Rahul		</title>
		<link>http://www.karmanullify.com/stock-market-terms/#comment-15</link>

		<dc:creator><![CDATA[Rahul]]></dc:creator>
		<pubDate>Sat, 06 Mar 2021 01:39:45 +0000</pubDate>
		<guid isPermaLink="false">http://www.karmanullify.com/?p=1921#comment-15</guid>

					<description><![CDATA[What is GME, everyone is talking about?]]></description>
			<content:encoded><![CDATA[<p>What is GME, everyone is talking about?</p>
]]></content:encoded>
		
			</item>
	</channel>
</rss>
