<?xml version="1.0" encoding="UTF-8"?><rss version="2.0"
	xmlns:content="http://purl.org/rss/1.0/modules/content/"
	xmlns:dc="http://purl.org/dc/elements/1.1/"
	xmlns:atom="http://www.w3.org/2005/Atom"
	xmlns:sy="http://purl.org/rss/1.0/modules/syndication/"
	
	>
<channel>
	<title>
	Comments on: 2001 Recession: What it is and Why It Matters?	</title>
	<atom:link href="http://www.karmanullify.com/2001-recession/feed/" rel="self" type="application/rss+xml" />
	<link>http://www.karmanullify.com/2001-recession/</link>
	<description></description>
	<lastBuildDate>Fri, 24 Sep 2021 02:26:27 +0000</lastBuildDate>
	<sy:updatePeriod>
	hourly	</sy:updatePeriod>
	<sy:updateFrequency>
	1	</sy:updateFrequency>
	<generator>https://wordpress.org/?v=6.1.1</generator>
	<item>
		<title>
		By: Faizal		</title>
		<link>http://www.karmanullify.com/2001-recession/#comment-21</link>

		<dc:creator><![CDATA[Faizal]]></dc:creator>
		<pubDate>Tue, 09 Mar 2021 11:46:15 +0000</pubDate>
		<guid isPermaLink="false">http://www.karmanullify.com/?p=2866#comment-21</guid>

					<description><![CDATA[Hey I&#039;m from reddit Satoshi Nakamoto.]]></description>
			<content:encoded><![CDATA[<p>Hey I&#8217;m from reddit Satoshi Nakamoto.</p>
]]></content:encoded>
		
			</item>
	</channel>
</rss>
