<?xml version="1.0" encoding="UTF-8"?><rss version="2.0"
	xmlns:content="http://purl.org/rss/1.0/modules/content/"
	xmlns:dc="http://purl.org/dc/elements/1.1/"
	xmlns:atom="http://www.w3.org/2005/Atom"
	xmlns:sy="http://purl.org/rss/1.0/modules/syndication/"
	
	>
<channel>
	<title>
	Comments on: Does The Stock Market Favor The Rich?	</title>
	<atom:link href="http://www.karmanullify.com/does-the-stock-market-favor-the-rich/feed/" rel="self" type="application/rss+xml" />
	<link>http://www.karmanullify.com/does-the-stock-market-favor-the-rich/</link>
	<description></description>
	<lastBuildDate>Mon, 08 Mar 2021 07:37:27 +0000</lastBuildDate>
	<sy:updatePeriod>
	hourly	</sy:updatePeriod>
	<sy:updateFrequency>
	1	</sy:updateFrequency>
	<generator>https://wordpress.org/?v=6.1.1</generator>
	<item>
		<title>
		By: Jadhav		</title>
		<link>http://www.karmanullify.com/does-the-stock-market-favor-the-rich/#comment-19</link>

		<dc:creator><![CDATA[Jadhav]]></dc:creator>
		<pubDate>Mon, 08 Mar 2021 07:37:27 +0000</pubDate>
		<guid isPermaLink="false">http://www.karmanullify.com/?p=2827#comment-19</guid>

					<description><![CDATA[Buy GME]]></description>
			<content:encoded><![CDATA[<p>Buy GME</p>
]]></content:encoded>
		
			</item>
	</channel>
</rss>
