<?xml version="1.0" encoding="UTF-8"?><rss version="2.0"
	xmlns:content="http://purl.org/rss/1.0/modules/content/"
	xmlns:dc="http://purl.org/dc/elements/1.1/"
	xmlns:atom="http://www.w3.org/2005/Atom"
	xmlns:sy="http://purl.org/rss/1.0/modules/syndication/"
	
	>
<channel>
	<title>
	Comments on: Intraday Trading Rules You Should Never Break	</title>
	<atom:link href="http://www.karmanullify.com/intraday-trading-rules/feed/" rel="self" type="application/rss+xml" />
	<link>http://www.karmanullify.com/intraday-trading-rules/</link>
	<description></description>
	<lastBuildDate>Mon, 29 Aug 2022 03:13:16 +0000</lastBuildDate>
	<sy:updatePeriod>
	hourly	</sy:updatePeriod>
	<sy:updateFrequency>
	1	</sy:updateFrequency>
	<generator>https://wordpress.org/?v=6.1.1</generator>
	<item>
		<title>
		By: oruvopid		</title>
		<link>http://www.karmanullify.com/intraday-trading-rules/#comment-5365</link>

		<dc:creator><![CDATA[oruvopid]]></dc:creator>
		<pubDate>Mon, 29 Aug 2022 03:13:16 +0000</pubDate>
		<guid isPermaLink="false">http://www.karmanullify.com/?p=2786#comment-5365</guid>

					<description><![CDATA[Awesome ]]></description>
			<content:encoded><![CDATA[<p>Awesome </p>
]]></content:encoded>
		
			</item>
		<item>
		<title>
		By: sachin		</title>
		<link>http://www.karmanullify.com/intraday-trading-rules/#comment-12</link>

		<dc:creator><![CDATA[sachin]]></dc:creator>
		<pubDate>Thu, 04 Mar 2021 12:11:30 +0000</pubDate>
		<guid isPermaLink="false">http://www.karmanullify.com/?p=2786#comment-12</guid>

					<description><![CDATA[Can anyone here recommend me a good book for intraday trading?]]></description>
			<content:encoded><![CDATA[<p>Can anyone here recommend me a good book for intraday trading?</p>
]]></content:encoded>
		
			</item>
	</channel>
</rss>
