<?xml version="1.0" encoding="UTF-8"?><rss version="2.0"
	xmlns:content="http://purl.org/rss/1.0/modules/content/"
	xmlns:dc="http://purl.org/dc/elements/1.1/"
	xmlns:atom="http://www.w3.org/2005/Atom"
	xmlns:sy="http://purl.org/rss/1.0/modules/syndication/"
	
	>
<channel>
	<title>
	Comments on: How Economic Recession Can Help You Pick Up More Girls	</title>
	<atom:link href="http://www.karmanullify.com/how-economic-recession-can-help-you/feed/" rel="self" type="application/rss+xml" />
	<link>http://www.karmanullify.com/how-economic-recession-can-help-you/</link>
	<description></description>
	<lastBuildDate>Mon, 22 Mar 2021 14:36:34 +0000</lastBuildDate>
	<sy:updatePeriod>
	hourly	</sy:updatePeriod>
	<sy:updateFrequency>
	1	</sy:updateFrequency>
	<generator>https://wordpress.org/?v=6.1.1</generator>
	<item>
		<title>
		By: Satoshi Nakamoto		</title>
		<link>http://www.karmanullify.com/how-economic-recession-can-help-you/#comment-31</link>

		<dc:creator><![CDATA[Satoshi Nakamoto]]></dc:creator>
		<pubDate>Mon, 22 Mar 2021 14:36:34 +0000</pubDate>
		<guid isPermaLink="false">http://www.karmanullify.com/?p=2980#comment-31</guid>

					<description><![CDATA[In reply to &lt;a href=&quot;http://www.karmanullify.com/how-economic-recession-can-help-you/#comment-29&quot;&gt;Jadhav&lt;/a&gt;.

Nope. Economic Recession is niche of this website.]]></description>
			<content:encoded><![CDATA[<p>In reply to <a href="http://www.karmanullify.com/how-economic-recession-can-help-you/#comment-29">Jadhav</a>.</p>
<p>Nope. Economic Recession is niche of this website.</p>
]]></content:encoded>
		
			</item>
		<item>
		<title>
		By: riya		</title>
		<link>http://www.karmanullify.com/how-economic-recession-can-help-you/#comment-30</link>

		<dc:creator><![CDATA[riya]]></dc:creator>
		<pubDate>Mon, 22 Mar 2021 14:32:15 +0000</pubDate>
		<guid isPermaLink="false">http://www.karmanullify.com/?p=2980#comment-30</guid>

					<description><![CDATA[I thought, it is clickbait, but it isn&#039;t]]></description>
			<content:encoded><![CDATA[<p>I thought, it is clickbait, but it isn&#8217;t</p>
]]></content:encoded>
		
			</item>
		<item>
		<title>
		By: Jadhav		</title>
		<link>http://www.karmanullify.com/how-economic-recession-can-help-you/#comment-29</link>

		<dc:creator><![CDATA[Jadhav]]></dc:creator>
		<pubDate>Mon, 22 Mar 2021 14:29:27 +0000</pubDate>
		<guid isPermaLink="false">http://www.karmanullify.com/?p=2980#comment-29</guid>

					<description><![CDATA[Your obsession with Economic Recession is astounding. Do u think about it 24/7?]]></description>
			<content:encoded><![CDATA[<p>Your obsession with Economic Recession is astounding. Do u think about it 24/7?</p>
]]></content:encoded>
		
			</item>
	</channel>
</rss>
