<?xml version="1.0" encoding="UTF-8"?><rss version="2.0"
	xmlns:content="http://purl.org/rss/1.0/modules/content/"
	xmlns:dc="http://purl.org/dc/elements/1.1/"
	xmlns:atom="http://www.w3.org/2005/Atom"
	xmlns:sy="http://purl.org/rss/1.0/modules/syndication/"
	
	>
<channel>
	<title>
	Comments on: Top 10 Bold Steps To Avoid Unnecessary Credit Card Charges &#8211; KarmaNullify	</title>
	<atom:link href="http://www.karmanullify.com/credit-card-charges/feed/" rel="self" type="application/rss+xml" />
	<link>http://www.karmanullify.com/credit-card-charges/</link>
	<description></description>
	<lastBuildDate>Fri, 27 Aug 2021 03:11:20 +0000</lastBuildDate>
	<sy:updatePeriod>
	hourly	</sy:updatePeriod>
	<sy:updateFrequency>
	1	</sy:updateFrequency>
	<generator>https://wordpress.org/?v=6.1.1</generator>
	<item>
		<title>
		By: Kim		</title>
		<link>http://www.karmanullify.com/credit-card-charges/#comment-42</link>

		<dc:creator><![CDATA[Kim]]></dc:creator>
		<pubDate>Thu, 08 Apr 2021 07:57:22 +0000</pubDate>
		<guid isPermaLink="false">http://www.karmanullify.com/?p=713#comment-42</guid>

					<description><![CDATA[Thanks for sharing]]></description>
			<content:encoded><![CDATA[<p>Thanks for sharing</p>
]]></content:encoded>
		
			</item>
	</channel>
</rss>
