<?xml version="1.0" encoding="UTF-8"?><rss version="2.0"
	xmlns:content="http://purl.org/rss/1.0/modules/content/"
	xmlns:dc="http://purl.org/dc/elements/1.1/"
	xmlns:atom="http://www.w3.org/2005/Atom"
	xmlns:sy="http://purl.org/rss/1.0/modules/syndication/"
	
	>
<channel>
	<title>
	Comments on: NSDL IPO &#124; Upcoming IPOS 2021	</title>
	<atom:link href="http://www.karmanullify.com/nsdl-ipo/feed/" rel="self" type="application/rss+xml" />
	<link>http://www.karmanullify.com/nsdl-ipo/</link>
	<description></description>
	<lastBuildDate>Fri, 31 Dec 2021 21:40:00 +0000</lastBuildDate>
	<sy:updatePeriod>
	hourly	</sy:updatePeriod>
	<sy:updateFrequency>
	1	</sy:updateFrequency>
	<generator>https://wordpress.org/?v=6.1.1</generator>
	<item>
		<title>
		By: php patterns		</title>
		<link>http://www.karmanullify.com/nsdl-ipo/#comment-2496</link>

		<dc:creator><![CDATA[php patterns]]></dc:creator>
		<pubDate>Fri, 31 Dec 2021 21:40:00 +0000</pubDate>
		<guid isPermaLink="false">http://www.karmanullify.com/?p=2584#comment-2496</guid>

					<description><![CDATA[We&#039;re a bunch of volunteers and starting a new scheme in our community.

Your web site provided us with useful info to 
work on. You&#039;ve performed an impressive activity and our whole community shall be thankful to you.

]]></description>
			<content:encoded><![CDATA[<p>We&#8217;re a bunch of volunteers and starting a new scheme in our community.</p>
<p>Your web site provided us with useful info to<br />
work on. You&#8217;ve performed an impressive activity and our whole community shall be thankful to you.</p>
]]></content:encoded>
		
			</item>
		<item>
		<title>
		By: WilliamLodia		</title>
		<link>http://www.karmanullify.com/nsdl-ipo/#comment-1599</link>

		<dc:creator><![CDATA[WilliamLodia]]></dc:creator>
		<pubDate>Sat, 23 Oct 2021 13:44:51 +0000</pubDate>
		<guid isPermaLink="false">http://www.karmanullify.com/?p=2584#comment-1599</guid>

					<description><![CDATA[Hello There. I found your blog using msn. This is an extremely well written article. I&#039;ll be sure to bookmark it and come back to read more of your useful info. Thanks for the post. I will definitely return.]]></description>
			<content:encoded><![CDATA[<p>Hello There. I found your blog using msn. This is an extremely well written article. I&#8217;ll be sure to bookmark it and come back to read more of your useful info. Thanks for the post. I will definitely return.</p>
]]></content:encoded>
		
			</item>
	</channel>
</rss>
