<?xml version="1.0" encoding="UTF-8"?><rss version="2.0"
	xmlns:content="http://purl.org/rss/1.0/modules/content/"
	xmlns:dc="http://purl.org/dc/elements/1.1/"
	xmlns:atom="http://www.w3.org/2005/Atom"
	xmlns:sy="http://purl.org/rss/1.0/modules/syndication/"
	
	>
<channel>
	<title>
	Comments on: Subprime Mortgage Crisis: The Multinational Financial crisis	</title>
	<atom:link href="http://www.karmanullify.com/subprime-mortgage-crisis/feed/" rel="self" type="application/rss+xml" />
	<link>http://www.karmanullify.com/subprime-mortgage-crisis/</link>
	<description></description>
	<lastBuildDate>Tue, 13 Dec 2022 22:46:59 +0000</lastBuildDate>
	<sy:updatePeriod>
	hourly	</sy:updatePeriod>
	<sy:updateFrequency>
	1	</sy:updateFrequency>
	<generator>https://wordpress.org/?v=6.1.1</generator>
	<item>
		<title>
		By: Tony Diamond		</title>
		<link>http://www.karmanullify.com/subprime-mortgage-crisis/#comment-6988</link>

		<dc:creator><![CDATA[Tony Diamond]]></dc:creator>
		<pubDate>Tue, 13 Dec 2022 22:46:59 +0000</pubDate>
		<guid isPermaLink="false">http://www.karmanullify.com/?p=2813#comment-6988</guid>

					<description><![CDATA[Thank you for writing about this topic. It helped me a lot and I hope it can help others too.]]></description>
			<content:encoded><![CDATA[<p>Thank you for writing about this topic. It helped me a lot and I hope it can help others too.</p>
]]></content:encoded>
		
			</item>
		<item>
		<title>
		By: Kimberlie Beiswenger		</title>
		<link>http://www.karmanullify.com/subprime-mortgage-crisis/#comment-6933</link>

		<dc:creator><![CDATA[Kimberlie Beiswenger]]></dc:creator>
		<pubDate>Mon, 12 Dec 2022 00:05:43 +0000</pubDate>
		<guid isPermaLink="false">http://www.karmanullify.com/?p=2813#comment-6933</guid>

					<description><![CDATA[I&#039;ve to say you&#039;ve been really helpful to me. Thank you!]]></description>
			<content:encoded><![CDATA[<p>I&#8217;ve to say you&#8217;ve been really helpful to me. Thank you!</p>
]]></content:encoded>
		
			</item>
		<item>
		<title>
		By: Tabitha Zubrzycki		</title>
		<link>http://www.karmanullify.com/subprime-mortgage-crisis/#comment-6932</link>

		<dc:creator><![CDATA[Tabitha Zubrzycki]]></dc:creator>
		<pubDate>Mon, 12 Dec 2022 00:01:13 +0000</pubDate>
		<guid isPermaLink="false">http://www.karmanullify.com/?p=2813#comment-6932</guid>

					<description><![CDATA[Thanks for posting. I really enjoyed reading it, especially because it addressed my problem. It helped me a lot and I hope it will help others too.]]></description>
			<content:encoded><![CDATA[<p>Thanks for posting. I really enjoyed reading it, especially because it addressed my problem. It helped me a lot and I hope it will help others too.</p>
]]></content:encoded>
		
			</item>
		<item>
		<title>
		By: Byron Hawker		</title>
		<link>http://www.karmanullify.com/subprime-mortgage-crisis/#comment-962</link>

		<dc:creator><![CDATA[Byron Hawker]]></dc:creator>
		<pubDate>Thu, 23 Sep 2021 16:37:20 +0000</pubDate>
		<guid isPermaLink="false">http://www.karmanullify.com/?p=2813#comment-962</guid>

					<description><![CDATA[Howdy! Someone in my Facebook group shared this website with us so I came to look it over. I&#039;m definitely loving the information. I&#039;m book-marking and will be tweeting this to my followers! Terrific blog and excellent design.]]></description>
			<content:encoded><![CDATA[<p>Howdy! Someone in my Facebook group shared this website with us so I came to look it over. I&#8217;m definitely loving the information. I&#8217;m book-marking and will be tweeting this to my followers! Terrific blog and excellent design.</p>
]]></content:encoded>
		
			</item>
	</channel>
</rss>
