<?xml version="1.0" encoding="UTF-8"?><rss version="2.0"
	xmlns:content="http://purl.org/rss/1.0/modules/content/"
	xmlns:dc="http://purl.org/dc/elements/1.1/"
	xmlns:atom="http://www.w3.org/2005/Atom"
	xmlns:sy="http://purl.org/rss/1.0/modules/syndication/"
	
	>
<channel>
	<title>
	Comments on: Commodity Trading :  Everything You Need To Know.	</title>
	<atom:link href="http://www.karmanullify.com/commodity-trading-tips/feed/" rel="self" type="application/rss+xml" />
	<link>http://www.karmanullify.com/commodity-trading-tips/</link>
	<description></description>
	<lastBuildDate>Thu, 24 Jun 2021 06:44:38 +0000</lastBuildDate>
	<sy:updatePeriod>
	hourly	</sy:updatePeriod>
	<sy:updateFrequency>
	1	</sy:updateFrequency>
	<generator>https://wordpress.org/?v=6.1.1</generator>
	<item>
		<title>
		By: Warren		</title>
		<link>http://www.karmanullify.com/commodity-trading-tips/#comment-33</link>

		<dc:creator><![CDATA[Warren]]></dc:creator>
		<pubDate>Fri, 26 Mar 2021 03:05:59 +0000</pubDate>
		<guid isPermaLink="false">http://www.karmanullify.com/?p=2785#comment-33</guid>

					<description><![CDATA[Grewt looking website. Assume you did a great deal of your very own coding.]]></description>
			<content:encoded><![CDATA[<p>Grewt looking website. Assume you did a great deal of your very own coding.</p>
]]></content:encoded>
		
			</item>
	</channel>
</rss>
