<?xml version="1.0" encoding="UTF-8"?><rss version="2.0"
	xmlns:content="http://purl.org/rss/1.0/modules/content/"
	xmlns:wfw="http://wellformedweb.org/CommentAPI/"
	xmlns:dc="http://purl.org/dc/elements/1.1/"
	xmlns:atom="http://www.w3.org/2005/Atom"
	xmlns:sy="http://purl.org/rss/1.0/modules/syndication/"
	xmlns:slash="http://purl.org/rss/1.0/modules/slash/"
	>

<channel>
	<title>Misc &#8211; Karmanullify</title>
	<atom:link href="http://www.karmanullify.com/category/uncategorized/feed/" rel="self" type="application/rss+xml" />
	<link>http://www.karmanullify.com/</link>
	<description></description>
	<lastBuildDate>Tue, 26 Jul 2022 15:23:38 +0000</lastBuildDate>
	<language>en-US</language>
	<sy:updatePeriod>
	hourly	</sy:updatePeriod>
	<sy:updateFrequency>
	1	</sy:updateFrequency>
	<generator>https://wordpress.org/?v=6.1.1</generator>

<image>
	<url>http://www.karmanullify.com/wp-content/uploads/2020/08/logoz.png</url>
	<title>Misc &#8211; Karmanullify</title>
	<link>http://www.karmanullify.com/</link>
	<width>32</width>
	<height>32</height>
</image> 
	<item>
		<title>Penny Stocks: What it is and why it matters</title>
		<link>http://www.karmanullify.com/penny-stocks/</link>
					<comments>http://www.karmanullify.com/penny-stocks/#comments</comments>
		
		<dc:creator><![CDATA[Karmanullify]]></dc:creator>
		<pubDate>Mon, 13 Jun 2022 09:52:00 +0000</pubDate>
				<category><![CDATA[Misc]]></category>
		<guid isPermaLink="false">http://www.karmanullify.com/?p=1923</guid>

					<description><![CDATA[Penny Stocks Meaning Penny stock is a kind of stock that is being bought and sold for a very low price, not more than $5 per share. Penny stocks tend to rise in value speedily but when there are unexpected delays, the worth may possibly also fall speedily. Penny Stocks Basic Terminologies Knowing the jargon ... <a title="Penny Stocks: What it is and why it matters" class="read-more" href="http://www.karmanullify.com/penny-stocks/" aria-label="More on Penny Stocks: What it is and why it matters">Read more</a>]]></description>
										<content:encoded><![CDATA[
<h2>Penny Stocks Meaning</h2>



<p>Penny stock is a kind of stock that is being bought and sold for a very low price, not more than $5 per share. Penny stocks tend to rise in value speedily but when there are unexpected delays, the worth may possibly also fall speedily.</p>



<h2>Penny Stocks Basic Terminologies</h2>



<p>Knowing the jargon of any trade is one of the first steps in truly understanding it. Here are a few of the more important things to know in trading penny stocks.</p>



<ul><li>Ask – a term used to indicate the amount or price in which the sellers of the penny stocks are willing to sell their shares of stock to the buyers.</li></ul>



<ul><li>Averaging Down – a term that pertains to a strategy wherein the owner of the penny stock continuously buys more of the same penny stock because the share price of that penny stock has been continuously decreasing.</li></ul>



<ul><li>Risk Tolerance – a term used to describe an investor’s quality which measures how much he is willing to speculate and put at risk his investment.</li></ul>



<ul><li>Blue Chip Stocks – a term that describes the stocks owned by corporations that are deemed stable and less risky than other corporations. They usually have a large market capitalization.</li></ul>



<ul><li>Bid – a term used to indicate the amount or price in which the buyers of the penny stock are willing to buy the shares of penny stock from the sellers.</li></ul>



<ul><li>Delisting – a term used when a stock has been removed or stopped trading in a particular stock exchange. A stock may be delisted because of several reasons: the corporation did not meet the requirements of the stock exchange, transfer of the stock to a new stock exchange, or another corporation takes over the stock.</li></ul>



<ul><li>Duration of Trade Order – a term used to describe the amount of time a stock order can be valid for. Most stock orders are valid until the end of the trading day however an investor can extend or shorten the validity of his order by informing his broker.</li></ul>



<ul><li>Speculation – a term which means to risk or take a chance or gamble your investment on a stock or corporation.</li></ul>



<ul><li>Halts – a term used to describe a phenomenon where a stock stops trading. Companies usually request a halt in trading their stocks because of important information that is released by the company which oftentimes greatly impact the stock prices.</li></ul>



<ul><li>Large Cap Stocks- is a term that refers to stocks that are owned by large cap corporations or large capitalization corporations. Large cap corporations have a market capitalization of hundred millions as opposed to small cap corporations that have a market capitalization of $50 million or less.</li></ul>



<ul><li>Limit Orders – a term used to describe a situation where the investor has instructed his stockbroker to only buy or sell a particular volume of stocks when or if it reaches a particular stock price.</li></ul>



<ul><li>Takeover – a term used when a corporation buys all the stocks of another corporation with the intention of owning, acquiring and managing the sold out corporation.</li></ul>



<ul><li>Market Capitalization – a term used to indicate a corporation’s worth. It is calculated by multiplying the price per share of the stock and the total number of shares of the corporation.</li></ul>



<ul><li>Market Orders – a term used when an investor places an order to buy or sell shares of stock without specifying any desired amount of the stock price. In a market order the investor gets the best possible market price of the stock at the time he placed his order.</li></ul>



<h2>To limit losses In Penny Stocks</h2>



<ol><li>You need to know a whole lot of info regarding the stocks you’re getting</li></ol>



<p>2. You must be able to comprehend the risks involved in stocks trading</p>



<p>3. You ought to be familiar together with the stocks trading approach</p>



<p>If you wish to be profitable in Penny Stocks, you must know a number of the troubles encountered by investors. As an example, you’ll find occasions when the stock’s cost soar or drop all of a sudden.</p>



<p> If you’re caught within the trading process, it is possible to either shed a lot of money or acquire large profit. Considering that the marketplace is actually a fast-paced environment, delays frequently occur which in turn slows down executions as well as trade confirmations. Should you strategy to purchase or market stocks, you should location a limit order instead of industry orders. </p>



<p>Do not try to acquire or promote stocks at an extremely high or really reduced value. Take note from the limit order in order that you won’t drop large cash.</p>



<h2>How does the limit order function?</h2>



<p>Suppose you positioned a stock order for $10. Using the limit order, you will not end up paying a greater value like $35. </p>



<p>It is possible to also apply the limit order when you’re promoting stocks. When the limit order or target limit is hit, sudden losses could be eliminated. Nevertheless, there’s also a chance involved in putting limit orders. </p>



<p>You can not hold several of the stocks at longer intervals even if you desire to wait until finally the cost in the stock rises. You see, when the target is reached, the stocks are automatically sold.</p>



<p>On-line trading does not give immediate outcomes. There are also dangers involved in online trading. Instant stocks trading could be affected by issues with servers, modems, and delayed hardware between the broker and dealer. </p>



<p>You should know some efficient trading options just in situation a problem interrupts the transaction.</p>



<p>You will find times when the order is delayed and so they wind up producing double orders or double selling. Because of this, you will find occasions when the investor is in a position to buy stocks that they do not like or they offer stocks which might be not even theirs. </p>



<p>If you’re not really certain if the transaction was completed, regardless of whether you are purchasing or promoting, you need to quickly check using the broker.</p>



<p>You have to possess a broker who can efficiently handle stocks transactions quickly. The fast-paced industry doesn’t have space for slow investors. </p>



<p>There is no time limit with regards to trading. You are free to create investments at any time and on any sort of stock. It is your responsibility to pick a great <a href="http://www.karmanullify.com/best-stock-broker-in-india/">Stock broker </a>who can help you along with your investments. </p>



<p>Assets are very essential to investors. You need to make certain that you’re coping with the top broker in the industry. That way, you will obtain more earnings with stocks trading.</p>



<p><strong>Disclaimer:</strong> Investment in securities market are subject to market risks, read all the related documents carefully before investing. Please read the Risk Disclosure documents carefully before investing in Equity Shares, Derivatives, Mutual fund, and/or other instruments traded on the Stock Exchanges.</p>



<p>As investments are subject to market risks and price fluctuation risk, there is no assurance or guarantee that the investment objectives shall be achieved. Past performance of securities/instruments is not indicative of their future performance. This post is only for Educational purpose.</p>
]]></content:encoded>
					
					<wfw:commentRss>http://www.karmanullify.com/penny-stocks/feed/</wfw:commentRss>
			<slash:comments>1</slash:comments>
		
		
			</item>
		<item>
		<title>Building a Sports betting program in US &#8211; Nisminc</title>
		<link>http://www.karmanullify.com/building-a-sports-betting-program-in-us-nisminc/</link>
					<comments>http://www.karmanullify.com/building-a-sports-betting-program-in-us-nisminc/#respond</comments>
		
		<dc:creator><![CDATA[Karmanullify]]></dc:creator>
		<pubDate>Sun, 24 Apr 2022 07:10:20 +0000</pubDate>
				<category><![CDATA[Misc]]></category>
		<guid isPermaLink="false">http://www.karmanullify.com/?p=5030</guid>

					<description><![CDATA[“Don’t forget about accounting,” warns Morgan Mosca, CFO of the Dalia Fencil Corporation INC, “Many sports betting companies fail to spend money when there is a good cash flow. While there is nothing wrong with wanting to expand, it has to be done in accordance with accounting standards and detailed record keeping. This is especially ... <a title="Building a Sports betting program in US – Nisminc" class="read-more" href="http://www.karmanullify.com/building-a-sports-betting-program-in-us-nisminc/" aria-label="More on Building a Sports betting program in US – Nisminc">Read more</a>]]></description>
										<content:encoded><![CDATA[
<p>“Don’t forget about accounting,” warns Morgan Mosca, CFO of the Dalia Fencil Corporation INC, “Many sports betting companies fail to spend money when there is a good cash flow. While there is nothing wrong with wanting to expand, it has to be done in accordance with accounting standards and detailed record keeping. This is especially true for public companies. Private sports betting firms can sometimes let this aspect of the business slide a little.” </p>



<p>“Starting up any sports betting business is difficult. In our case, it took about 6 months of planning, a year of fund raising, and then another 6 months of building infrastructure before we made our first sale,” states Ossie Whitmer of the Massie Schipper Partners and Ltd. Company. </p>



<p>Additionaly, fundraising for any sports betting business venture can be a daunting task. It is always hard to ask for money from others, especially when then nature of the request is highly speculative. Araceli Mcquaid, a highly successful sports betting capital management consultant, believes that planning is the key to selling your idea: “If you walk up to someone and say, ‘I’ve got a great sports betting business idea, would you contribute $100K’, they’ll probably laugh and consider you a lunatic…but, if you approach someone and say ‘Look, I have this great idea, and my plan is the following…’, it will reassure an anxious investor that things will move forward with thought and purpose.” </p>



<p>Secondly, once the business side of a prospective sports betting venture is planned, map out the human element. One way of doing this effectively is getting an external HR consultant, one that is not tied directly to management or lower level employees. This allows for impartial scrutiny of your sports betting business model and ensures that the right people are doing the right jobs. One often over looked area in online sports betting businesses is infrastructure. Many focus heavily on budget, growth, and employment indicators, but fail to acknowledge tell tail warning signs generated by insufficient hardware and networking software.</p>



<p> For any sports betting business, this can spell disaster. Once investment is secured for a sports betting venture, and proper planning has been realized, start networking within your industry. “I find that attending industry related social functions, conferences, and even my neighbors’ cocktail parties help me find new ways of growing my company,” claims Retterbush Huertas, director of the Camille Abraham Brothers firm, “By asking the right people the right questions, you’ll find that you can learn new things and different strategies for your sports betting firm that you may not have thought of before.” </p>



<p>Also key to success in the sports betting field is logistics. Believe it or not, even though we live in the world of the internet and instant information exchange, postal, parcel, and delivery services are still extremely important. Many sports betting proprietors recommend getting a Fedex, UPS, or DHL business account setup right away, so as to avoid coming out-of-pocket for routine mailings and shipments. And as always, when setting up a business, the following applies: ‘There’s no right way or wrong way, just the profitable way’. </p>



<p>Once you’ve found out how to get your sports betting firm off the ground and it is generating ROI, you’ve won half the battle and are on your way to continued success. </p>



<p>“In the case of our sports betting marketing venture, we initially started out with a simple website, and then slowly grew as sales increased,” replies Lightner Sivia, the COO of the Bard Kutchar Co-Op, “Then, the website expanded into a data warehouse – essentially a store of all things related to our marketing campaigns – which allowed us to study and refine subsequent efforts.”</p>
]]></content:encoded>
					
					<wfw:commentRss>http://www.karmanullify.com/building-a-sports-betting-program-in-us-nisminc/feed/</wfw:commentRss>
			<slash:comments>0</slash:comments>
		
		
			</item>
		<item>
		<title>Commodity Spread Trading: What it is and Why It Matters?</title>
		<link>http://www.karmanullify.com/commodity-spread-trading-what-it-is-and-why-it-matters/</link>
					<comments>http://www.karmanullify.com/commodity-spread-trading-what-it-is-and-why-it-matters/#respond</comments>
		
		<dc:creator><![CDATA[Karmanullify]]></dc:creator>
		<pubDate>Sun, 17 Apr 2022 11:16:24 +0000</pubDate>
				<category><![CDATA[Misc]]></category>
		<guid isPermaLink="false">http://www.karmanullify.com/?p=5017</guid>

					<description><![CDATA[A commodity can be defined as a product whose market value keeps on fluctuating on a daily basis. The market price of a commodity id directly proportional to its demand and supply. There are certain factors which influence the commodity price like economic trends, natural calamities, government policies, foreign exchange rated and the like. A ... <a title="Commodity Spread Trading: What it is and Why It Matters?" class="read-more" href="http://www.karmanullify.com/commodity-spread-trading-what-it-is-and-why-it-matters/" aria-label="More on Commodity Spread Trading: What it is and Why It Matters?">Read more</a>]]></description>
										<content:encoded><![CDATA[
<p>A commodity can be defined as a product whose market value keeps on fluctuating on a daily basis. The market price of a commodity id directly proportional to its demand and supply. There are certain factors which influence the commodity price like economic trends, natural calamities, government policies, foreign exchange rated and the like. A commodity generally falls into any of these three categories: Energies, Metals and Softs.</p>



<p>Since the commodity  prices have been <em><strong>subject to</strong></em> <em><strong>fluctuation</strong></em>, it becomes interesting for the investors to trade in commodities. Commodity spread trading is a strategy for making risk-less profit which gives the trader an opportunity to profit out of the difference in commodity prices. It involves simultaneous buying of one contract and selling another contract against it. There has been an increasing interest in commodity spread trading because of the boosting prices of gold and crude oil recently. </p>



<p>There are two types of <strong>commodity spread trading</strong> : Intra-<strong>commodity spread trading</strong>&#8211; It involve trading in same commodity between two different contract months thereby resulting to buying one month’s contract and selling another month’s contract. The profit in earned by locking-in the price difference. Inter-commodity spread trading- It involves buying a future contract of one commodity and simultaneous selling of future contract of another commodity.</p>



<p>The most powerful feature&nbsp;<strong>of commodity spread trading</strong>&nbsp;is that the trader needs to have only one account to trade different investment products. But it is advisable that the investors willing to trade equities and indices should have separate account for commodity-related equities and for each currency that their investments are listed in and also separate account for long and short positions. The benefit of maintaining separate account is it helps the trader in position tracking and efficient risk management.</p>



<p>The reason by most of the traders are tempted to trade commodities through spread trading is that it does not force them to settle their accounts on a certain date because even if the underlying contract expires it is automatically rolled over into the next near month and if there is a price difference it is debited or credited to the trader’s account depending on the current market scenario. Moreover, the profit earned is completely tax free. </p>



<p>Although <strong>commodity spread trading</strong> has its own benefits but is also subject to certain risk. The investor should invest his funds only up-to the limit of his loss bearing ability. It does not give the facility to use stop loss and limit orders.</p>



<p>Thus, commodity spread trading is one of the most emerging ways of trading now- a-days where the trader can trade on one or more commodities in different market by making strategic moves on the basis of small price differences although their profit margin is also very small as compared to other trading strategies.</p>
]]></content:encoded>
					
					<wfw:commentRss>http://www.karmanullify.com/commodity-spread-trading-what-it-is-and-why-it-matters/feed/</wfw:commentRss>
			<slash:comments>0</slash:comments>
		
		
			</item>
		<item>
		<title>Spread Betting For Begginners</title>
		<link>http://www.karmanullify.com/spread-betting-for-begginners/</link>
					<comments>http://www.karmanullify.com/spread-betting-for-begginners/#respond</comments>
		
		<dc:creator><![CDATA[Karmanullify]]></dc:creator>
		<pubDate>Sun, 17 Apr 2022 10:51:22 +0000</pubDate>
				<category><![CDATA[Misc]]></category>
		<guid isPermaLink="false">http://www.karmanullify.com/?p=5010</guid>

					<description><![CDATA[Spread betting is a derivative in which the trader does not own the underlying asset but simply bet on the basis of his/her predication depending in which direction the market will move, up or down. Spread is the difference between the buy price and the sell price. There are certain strategies developed which should be ... <a title="Spread Betting For Begginners" class="read-more" href="http://www.karmanullify.com/spread-betting-for-begginners/" aria-label="More on Spread Betting For Begginners">Read more</a>]]></description>
										<content:encoded><![CDATA[
<p>Spread betting is a derivative in which the trader does not  own the underlying asset but simply bet on the basis of his/her  predication depending in which direction the market will move, up or down. Spread is the difference between the buy price and the sell price. There are certain strategies developed which should be followed for a successful spread betting. </p>



<p>It is advisable that a spread better should have an account wherein he is supposed to deposit some amount in advance with a minimum of upfront cost. The doctrine of&nbsp;<strong>spread betting guide</strong>&nbsp;is : Supervision over the amount of money one can spread bet. Limit the amount of money to be utilised for spread betting up to the loss tolerance level of the spread better. Maintaining an account and monitoring that the account balance. Following the spread betting strategies. Use stop loss order to avoid making heavy losses.</p>



<p>A coin has two sides; similarly spread betting has its own benefits and risks. The benefits are: It has <a href="https://www.cityindex.co.uk/market-analysis/tax-advantages-of-spread-betting/" rel="nofollow">no capital gain tax</a> on the profits earned from spread betting in UK . It is stamp duty free. Except the amount of spread, there are no dealing charges. Account can be maintained with a small deposit amount. Negligible upfront cost. One can hold the position as long as he wishes to do so.</p>



<p>Spread betting guide is beneficial only when the risk involved with it is managed in a proper way. The major risk involved is, there can be an ample loss to a trader if he does not follows a good risk management policy. Some of these policies are as: Understanding the market: It is the main essence of betting. One should have tremendous knowledge of the market before entering into spread betting. Since the market is very volatile with a lot of ups and downs, one should have a clear understanding of the various price movements before taking any position.</p>



<p>Monitor your position: The better should have a close watch on his position each and every minute. As there is extreme fluctuation in the market every now and then, he should have a tendency to react quickly accordingly. Use stop loss and limit orders: There may probably be cases were it would not possible for the trader to continuously monitor his position. In such cases it may happen that the trader may lose control over his position which can result into a loss. Thus, stop loss and limit order is a benefit to the trader as they get executed when placed at a specified price thereby securing him from making losses.</p>



<p>Analysis: The trader should have a detailed knowledge about the fundamental and technical analysis. Fundamental analysis includes generally the ratio analysis of the underlying asset and technical analysis includes the understanding of the various types of charts which are self explanatory and have trend lines indicating the movements in the market.</p>



<p>Thus, “buy low and sell high” is the key to a successful spread betting. </p>
]]></content:encoded>
					
					<wfw:commentRss>http://www.karmanullify.com/spread-betting-for-begginners/feed/</wfw:commentRss>
			<slash:comments>0</slash:comments>
		
		
			</item>
		<item>
		<title>NISM Mock Test For Mutual Fund &#8211; Part 10 &#124; NISM V A 2022</title>
		<link>http://www.karmanullify.com/nism-mock-test-for-mutual-fund-part-10/</link>
					<comments>http://www.karmanullify.com/nism-mock-test-for-mutual-fund-part-10/#comments</comments>
		
		<dc:creator><![CDATA[Karmanullify]]></dc:creator>
		<pubDate>Wed, 01 Sep 2021 06:57:00 +0000</pubDate>
				<category><![CDATA[Misc]]></category>
		<guid isPermaLink="false">http://www.karmanullify.com/?p=886</guid>

					<description><![CDATA[This is Part 10 of our Premium NISM Mock test for NISM V A. Congrats, you have completed this 100 question mock test of NISM. We have created this platform add free and free mock tests. And we are going to add more mock test of other certifications soon. Please give us 5 star rating ... <a title="NISM Mock Test For Mutual Fund – Part 10 | NISM V A 2022" class="read-more" href="http://www.karmanullify.com/nism-mock-test-for-mutual-fund-part-10/" aria-label="More on NISM Mock Test For Mutual Fund – Part 10 | NISM V A 2022">Read more</a>]]></description>
										<content:encoded><![CDATA[
<p>This is Part 10 of our Premium NISM Mock test for <strong><a href="http://www.karmanullify.com/nism-mock-test-2020/">NISM V A</a></strong>.</p>



<div class = "hdq_quiz_wrapper"><a href = "http://www.karmanullify.com/nism-mock-test-for-mutual-fund-part-10/" rel="noamphtml" class = "hdq_quiz_start hdq_button button" role = "button" title = "Start Now">Start Now</a></div>



<p></p>



<p></p>



<p></p>



<h2><strong>Congrats, you have completed this 100 question mock test of NISM. </strong></h2>



<blockquote class="wp-block-quote"><p> We have created this platform add free and free mock tests. And we are going to add more mock test of other certifications soon. Please give us <a href="https://www.trustpilot.com/review/karmanullify.com">5 star rating at trustpilot</a>,  to enjoy more premium content for free. </p></blockquote>



<p>Best of Luck for your Exam!</p>



<p></p>



<p></p>



<p></p>



<p><strong>Other Certifications:</strong></p>



<p><strong>Please keep this in mind the below paragraph is not related to NISM VA.</strong> This is only written to aware you about other certification other then NISM. If you are not interested, ignore reading </p>



<h3><strong>The stock market courses of Karmanullify are suitable for the following categories of personnel:</strong></h3>



<ul><li>Investrors and Traders in Financial and Commodities Market</li><li>Professionals seeking careers in Financial and Commodities Market</li><li>Students pursuing education in Commerce and Business Management</li><li>IT Preofessional seeking Financial Sector Domain Knowledge</li><li>Treasury Managers</li><li>Producers and Consumers of Commodities.</li></ul>



<p>If you have any doubt please comment below..</p>



<p><strong>Subcribe Below to get your Prize. We will sent you your prize within 10 minutes by Email. So Subscribe Now.</strong></p>



<!--Zoho Campaigns Web-Optin Form's Header Code Starts Here-->

<script type="text/javascript" src="https://zc1.maillist-manage.in/js/optin.min.js" onload="setupSF('sfe03f851e48ffaed193b28d9b84f6e6a7757035ba063f0df6','ZCFORMVIEW',false,'light',false,'0')"></script>
<script type="text/javascript">
	function runOnFormSubmit_sfe03f851e48ffaed193b28d9b84f6e6a7757035ba063f0df6(th){
		/*Before submit, if you want to trigger your event, "include your code here"*/
	};
</script>

<style>
::-webkit-input-placeholder {
    color: rgb(62, 62, 62)
}
</style>

<!--Zoho Campaigns Web-Optin Form's Header Code Ends Here--><!--Zoho Campaigns Web-Optin Form Starts Here-->

<div id="sfe03f851e48ffaed193b28d9b84f6e6a7757035ba063f0df6" data-type="signupform" style="opacity: 1;">
	<div id="customForm">
		<div name="SIGNUP_BODY" changeitem="BG_IMAGE" style="width: 300px; height: 445px; position: relative; font-family: &quot;Arial&quot;; background-color: rgb(255, 255, 255); margin: auto; overflow: hidden">
			<div changeitem="ELEGANTFORM_IMAGE" style="width: 100%; height: 100%; position: absolute; bottom: 0">
				<img decoding="async" src="https://campaign-image.com/zohocampaigns/1301d85c_sign_form_bg_27_2_1.png" style="width: 100%; height: 100%; position: relative">
			</div>
			<div style="text-align: center; width: 100%; float: left; margin-top: 115px; position: relative; z-index: 2">
				<div style="position:relative;">
					<div id="Zc_SignupSuccess" style="display:none;position:absolute;margin-left:4%;width:90%;background-color: white; padding: 3px; border: 3px solid rgb(194, 225, 154);  margin-top: 10px;margin-bottom:10px;word-break:break-all">
						<table width="100%" cellpadding="0" cellspacing="0" border="0">
							<tbody>
								<tr>
									<td width="10%">
										<img decoding="async" class="successicon" src="https://zc1.maillist-manage.in/images/challangeiconenable.jpg" align="absmiddle">
									</td>
									<td>
										<span id="signupSuccessMsg" style="color: rgb(73, 140, 132); font-family: sans-serif; font-size: 14px;word-break:break-word">&nbsp;&nbsp;Thank you for Signing Up</span>
									</td>
								</tr>
							</tbody>
						</table>
					</div>
				</div>
				<form method="POST" id="zcampaignOptinForm" style="margin: 0px; width: 100%; color: rgb(255, 255, 255)" action="https://maillist-manage.in/weboptin.zc" target="_zcSignup">
					<div style="background-color: rgb(255, 235, 232); padding: 10px; color: rgb(210, 0, 0); font-size: 11px; border: 1px solid rgb(255, 217, 211); opacity: 1; position: absolute; width: 80%; margin: 20px 10%; box-shadow: rgb(27, 27, 27) 0px 5px 12px 0px; margin: -50px 10%; z-index: 2; box-sizing: border-box; display: none" id="errorMsgDiv">Please correct the marked field(s) below.</div>
					<div style="font-size: 18px; font-family: &quot;Poppins&quot;, &quot;Arial&quot;, sans-serif; font-weight: bold; color: rgb(62, 62, 62); line-height: 1.556; text-align: center; margin: 10px 0 15px; width: 100%; float: left">Get it Before Offers End!</div>
					<div style="font-size: 14px; font-family: &quot;Poppins&quot;, &quot;Arial&quot;, sans-serif; font-weight: normal; color: rgb(62, 62, 62); float: left; text-align: center; width: 100%; margin: 0 0 20px">Get Access of our
						<br>Premium Material for Free!</div>
					<div style="position: relative; width: 230px; height: 40px; margin-bottom: 20px; display: inline-block">
						<input type="text" style="border: 1px solid rgb(188, 188, 188); outline: none; border-radius: 15px; background-color: transparent; width: 100%; height: 100%; color: rgb(136, 136, 136); font-family: &quot;Poppins&quot;, &quot;Arial&quot;, sans-serif; text-align: left; padding: 5px 10px" placeholder="Name" changeitem="SIGNUP_FORM_FIELD" name="FIRSTNAME" id="FIRSTNAME">
					</div>
					<div style="text-align: center; width: 230px; height: 40px; margin: auto; margin-bottom: 20px">
						<div id="Zc_SignupSuccess" style="position: absolute; width: 87%; background-color: white; padding: 3px; border: 3px solid rgb(194, 225, 154); margin-bottom: 10px; word-break: break-all; opacity: 1; display: none">
							<div style="width: 20px; padding: 5px; display: table-cell">
								<img decoding="async" class="successicon" src="https://campaigns.zoho.com/images/challangeiconenable.jpg" style="width: 20px">
							</div>
							<div style="display: table-cell">
								<span id="signupSuccessMsg" style="color: rgb(73, 140, 132); font-family: sans-serif; font-size: 14px; line-height: 30px; display: block"></span>
							</div>
						</div>
						<input placeholder="Email Address" changeitem="SIGNUP_FORM_FIELD" name="CONTACT_EMAIL" id="EMBED_FORM_EMAIL_LABEL" type="text" style="border: 1px solid rgb(188, 188, 188); outline: none; border-radius: 15px; background-color: transparent; width: 100%; height: 100%; color: rgb(136, 136, 136); font-family: &quot;Poppins&quot;, &quot;Arial&quot;, sans-serif; text-align: left; padding: 5px 10px">
					</div>
					<div style="position: relative; width: 230px; height: 42px; margin-top: 15px; display: inline-block">
						<input type="button" style="text-align: center; background-color: rgb(255, 252, 0); color: rgb(0, 0, 0); width: 100%; height: 100%; border-radius: 15px; border: 0; cursor: pointer; outline: none; font-size: 14px; font-weight: bold; font-family: &quot;Poppins&quot;, &quot;Arial&quot;, sans-serif" name="SIGNUP_SUBMIT_BUTTON" id="zcWebOptin" value="Sign Up">
					</div>
					<input type="hidden" id="fieldBorder" value="">
					<input type="hidden" id="submitType" name="submitType" value="optinCustomView">
					<input type="hidden" id="emailReportId" name="emailReportId" value="">
					<input type="hidden" id="formType" name="formType" value="QuickForm">
					<input type="hidden" name="zx" id="cmpZuid" value="1df899cf66">
					<input type="hidden" name="zcvers" value="2.0">
					<input type="hidden" name="oldListIds" id="allCheckedListIds" value="">
					<input type="hidden" id="mode" name="mode" value="OptinCreateView">
					<input type="hidden" id="zcld" name="zcld" value="1932916ebe31330">
					<input type="hidden" id="document_domain" value="">
					<input type="hidden" id="zc_Url" value="zc1.maillist-manage.in">
					<input type="hidden" id="new_optin_response_in" value="0">
					<input type="hidden" id="duplicate_optin_response_in" value="0">
					<input type="hidden" name="zc_trackCode" id="zc_trackCode" value="ZCFORMVIEW">
					<input type="hidden" id="zc_formIx" name="zc_formIx" value="e03f851e48ffaed193b28d9b84f6e6a7757035ba063f0df6">
					<input type="hidden" id="viewFrom" value="URL_ACTION">
					<span style="display: none" id="dt_CONTACT_EMAIL">1,true,6,Contact Email,2</span>
					<span style="display: none" id="dt_FIRSTNAME">1,false,1,First Name,2</span>
					<span style="display: none" id="dt_LASTNAME">1,false,1,Last Name,2</span>
				</form>
			</div>
		</div>
	</div>
	<img decoding="async" src="https://zc1.maillist-manage.in/images/spacer.gif" id="refImage" onload="referenceSetter(this)" style="display:none;">
</div>
<input type="hidden" id="signupFormType" value="QuickForm_Vertical">
<div id="zcOptinOverLay" oncontextmenu="return false" style="display:none;text-align: center; background-color: rgb(0, 0, 0); opacity: 0.5; z-index: 100; position: fixed; width: 100%; top: 0px; left: 0px; height: 988px;"></div>
<div id="zcOptinSuccessPopup" style="display:none;z-index: 9999;width: 800px; height: 40%;top: 84px;position: fixed; left: 26%;background-color: #FFFFFF;border-color: #E6E6E6; border-style: solid; border-width: 1px;  box-shadow: 0 1px 10px #424242;padding: 35px;">
	<span style="position: absolute;top: -16px;right:-14px;z-index:99999;cursor: pointer;" id="closeSuccess">
		<img decoding="async" src="https://zc1.maillist-manage.in/images/videoclose.png">
	</span>
	<div id="zcOptinSuccessPanel"></div>
</div>

<!--Zoho Campaigns Web-Optin Form Ends Here-->
]]></content:encoded>
					
					<wfw:commentRss>http://www.karmanullify.com/nism-mock-test-for-mutual-fund-part-10/feed/</wfw:commentRss>
			<slash:comments>19</slash:comments>
		
		
			</item>
		<item>
		<title>Margin Trading Dangers Highlighted by actual Cases</title>
		<link>http://www.karmanullify.com/margin-trading-dangers-highlighted-by-actual-cases/</link>
					<comments>http://www.karmanullify.com/margin-trading-dangers-highlighted-by-actual-cases/#respond</comments>
		
		<dc:creator><![CDATA[Karmanullify]]></dc:creator>
		<pubDate>Wed, 11 Aug 2021 05:22:30 +0000</pubDate>
				<category><![CDATA[Misc]]></category>
		<guid isPermaLink="false">http://www.karmanullify.com/?p=4168</guid>

					<description><![CDATA[Several unusual high profile company fraction effect collapses on the Australian Stock Exchange highlight the inconvenience posed to ordinary shareholders from gargantuan scale margin trading of shares by directors of listed firms. So dramatic have been the consequences that no equities investor can afford to ignore the lessons. vital shareholdings by directors in a listed ... <a title="Margin Trading Dangers Highlighted by actual Cases" class="read-more" href="http://www.karmanullify.com/margin-trading-dangers-highlighted-by-actual-cases/" aria-label="More on Margin Trading Dangers Highlighted by actual Cases">Read more</a>]]></description>
										<content:encoded><![CDATA[
<p>Several unusual high profile company fraction effect collapses on the Australian Stock Exchange highlight the inconvenience posed to ordinary shareholders from gargantuan scale margin trading of shares by directors of listed firms. So dramatic have been the consequences that no equities investor can afford to ignore the lessons.</p>



<p>vital shareholdings by directors in a listed company have traditionally been viewed favorably as an alignment of executives’ and other private shareholders’ interests, but this ideal can be dramatically compromised in cases where those enormous shareholdings have been aggregated through, and remain security for, margin loans. Directors leveraging into positions well beyond their capacity to meet margin calls may beget a known and acceptable risk for themselves but their actions inescapably also construct a considerable but hidden and usually unsuspected risk for other shareholders.</p>



<p>On exposure in a falling market, the consequences can be devastating to all concerned.</p>



<p>Basically margin trading involves borrowing through a brokerage to grasp shares on deposit with the shares purchased being held as collateral for the loan. As with all leveraged investments the potential for both amplified profits and losses exists, but particular additional risks save to margin trading of shares.</p>



<p>Depending on the particular part being purchased and subject to other margin narrative criteria such as maintenance of a minimum balance, a private investor may be able to borrow, say, 50 loan to collateral value must be maintained at all times – hence a 50, owing to the director’s perceived influence on the company and the scale of business such a win will bring to the margin broker. Thus the director’s margin is only 20 of the assume label of one million $10 shares through a margin broker. Borrowings amount to $8 million with $2 million “equity” being saved up by the director to complete the $10 million remove. Furthermore, the margin trading agreement states that a minimum 80 to a market value of $9 per piece will sever the director’s holding of 1 million shares to a value of $9 million, but calm carrying the $8 million debt and therefore breaching the 80 loss) will then be served with a “margin call” for a further $1 million to re-establish the novel loan/asset ratio. Failure to meet the call will invoke conditions allowing the margin broker to sell some of the holding to re-establish the required 80 in the $10 part designate to $8 would search for the director’s initial $2 million equity wiped out altogether and, in the absence of any margin call being met, the broker would very likely dump the entire holding at best tag to minimize losses. Apart from sheer pressure of volume, attendant negative publicity through stock exchange disclosure requirements would probably discover the company’s fraction stamp devastated even though the company may remain as a viable enterprise. Any shortfall in recovery by the broker through sale of shares held as collateral would remain a liability against the director.</p>



<p>In this residence private shareholders become unsuspecting victims of a risk they didn’t even know existed.</p>



<p>This scenario is far from academic. In a number of now salient Australian cases, dumping of directors’, executives’ and related party holdings have indeed seen part prices slashed, stock exchange listings suspended, directors and executives lose their jobs with their entire company shareholdings wiped out. Residual personal liabilities are suspected of being broad in some cases. Consequently, private investors have also suffered massive write downs in the value of their acquire holdings.</p>



<p>Needless to say, any company subject to such a fate will accumulate it nearly impossible to raise new equity capital and will pay heavily for debt – particularly in today’s credit crunched world. Assuming the enterprise can remain solvent, aggressive sale of assets becomes the most logical choice to fund a restructuring program.</p>



<p>Private investors engaged in margin trading the same company may well suffer a similar fate to the directors, albeit without a loss of employment.</p>



<p>A more detailed case inspect is available through the resource link.</p>



<p>As the case observes points out, effects of a major margin call default can be widespread and devastating, seriously affecting even secured investors in related companies.</p>



<p>So how should the private investor guard against such an unwelcome outcome to a seemingly quite reasonable investment?</p>



<p>As we have discussed, potentially damaging margin trading by directors and executives can be difficult to detect, but some clues may be available through stock exchange announcements. Better serene, fair ask the Company Chairman through private correspondence or at the Shareholder’s Annual General Meeting. Companies able to record a super slate in respect of such activities are likely to be gay to do so. Investigate the others.</p>



<p>In one current case it turns out that not only were directors purchasing shares on margin for their maintain accounts but were also margin trading other listed shares with shareholders’ funds in the Company’s name. Needless to say the Company and its shareholders soon lost many millions of dollars once markets suffered a modest reversal.</p>



<p>For the private investor, friendly advice is to avoid margin trading through a margin broker altogether. This, however, does not completely exclude the leveraged seize of shares which remains a capable investment strategy under distinct circumstances. It does, however, station important separation between financier, share broker and shareholder.</p>



<p>In one new Australian margin trading case, some private investors reportedly had their entire nominee-held fraction portfolios seized and sold to recompense the margin financier, a major bank. When the margin brokerage house collapsed, private investors were left as unsecured creditors of the failed broker. Prospects of recovery from this set would be murky indeed.</p>



<p>At a time when ever more complex means of trading frail section markets are being developed, such as options, short selling, stock borrowing and margin trading, investors need to recognize that novel opportunities for exceptional profit also bring exceptional unusual risks. Some may well be hidden tedious a conceal of “immateriality” even though potential consequences could be disastrous.</p>



<p>In summary, private investors can minimize exposure to margin trading risk by taking a few precautions:</p>



<p>“Treat very hastily growing companies with caution. These companies and their high profile directors seem most susceptible to the allure of sizable rewards offered by serious margin trading while overlooking the exceptional risks posed to both themselves and others.<br><br>“expect available stock exchange announcements and news to unearth margin trading practices relating to major shareholdings, including those of directors, executives and related parties. These may be difficult to score and define, but they do exist.<br><br>“Simply ask the Company Chairman if Directors and Executives or even the Company itself, is fervent in margin trading the company’s hold shares – if the reply is yes, pause away.<br><br>“Also ask if shareholders’ funds are being extinct to margin trade any other company’s shares – hidden peril lurks there too.<br><br>“Avoid personal utilize of margin allotment trading accounts altogether – borrow elsewhere if you intend to exhaust leverage for piece purchases.<br><br>“Ensure any shares you bewitch on leverage are registered in your occupy name to avoid the possibility of seizure by a higher ranking creditor should your share brokerÂs business collapse.</p>



<p>Eventually disclosure of margin trading by company directors, executives and related parties may become mandatory under stock exchange listing rules, but until that time equity investors will need to include “margin trading risk” as yet another factor for their possess determination.</p>
]]></content:encoded>
					
					<wfw:commentRss>http://www.karmanullify.com/margin-trading-dangers-highlighted-by-actual-cases/feed/</wfw:commentRss>
			<slash:comments>0</slash:comments>
		
		
			</item>
		<item>
		<title>Predatory Mortgage Lending</title>
		<link>http://www.karmanullify.com/predatory-mortgage-lending/</link>
					<comments>http://www.karmanullify.com/predatory-mortgage-lending/#respond</comments>
		
		<dc:creator><![CDATA[Karmanullify]]></dc:creator>
		<pubDate>Mon, 09 Aug 2021 03:43:14 +0000</pubDate>
				<category><![CDATA[Misc]]></category>
		<guid isPermaLink="false">http://www.karmanullify.com/?p=4109</guid>

					<description><![CDATA[We have all heard the stories in the press about elderly people losing their homes due to unfair lending practices. Most reputable banks would never consider bilking their customers out of their life savings but there are many small, private lenders that would only be too happy at the opportunity to do it. The act ... <a title="Predatory Mortgage Lending" class="read-more" href="http://www.karmanullify.com/predatory-mortgage-lending/" aria-label="More on Predatory Mortgage Lending">Read more</a>]]></description>
										<content:encoded><![CDATA[
<p>We have all heard the stories in the press about elderly people losing their homes due to unfair lending practices. Most reputable banks would never consider bilking their customers out of their life savings but there are many small, private lenders that would only be too happy at the opportunity to do it. The act of lending money under conditions unfair to the borrower is referred to predatory lending. Let’s examine the finer points of predatory mortgage lending.</p>



<p>Predatory mortgage lending has become a major policy issue for financial institutions throughout the nation. Nearly every federal financial services regulatory agency has denounced the practice, and has attempted to address the problem by pressuring legislators to enact laws that protect consumers from these fraudulent practices. </p>



<p>Many states have enacted laws to protect their citizens from unfair banking practices, in part due to the policy papers issued by the major financial institutions</p>



<p>Predatory mortgage lending is characterized by the following: excessively high interest rates or fees, abusive or unnecessary provisions with no benefit to the borrower, large prepayment penalties, and underwriting that ignores the borrower’s ability to repay the loan in question. </p>



<p>As the details and conditions of each financial transaction differ, high interest rates alone do not constitute predatory lending. To qualify as predatory lending, the transaction must contain three of the above stated conditions.</p>



<p>Many predatory lenders use fraudulent target marketing to identify their potential customers. These unscrupulous financial institutions tend to concentrate on people that are lacking a sound understanding of finance. Predatory lenders almost exclusively look for people with limited education that are unable to grasp the finer details of their loan conditions. They also regularly prey on the elderly, as they have limited incomes and significant equity in their homes.</p>



<p>If you or someone you know is considering borrowing for a mortgage, please take some time to educate yourselves about the potential pitfalls. Always deal with reputable financial institutions. If you have any concerns about the business practices of a particular financial institution, you can always try investigating them at the &#8220;Better Business Bureau&#8221;. </p>



<p>If you are not comfortable doing business with them, be sure that you do not sign anything. Take some time to speak with friends or family, and try to do business with companies that they trust and have put their faith in. In this day and age, it pays to be an educated consumer.</p>
]]></content:encoded>
					
					<wfw:commentRss>http://www.karmanullify.com/predatory-mortgage-lending/feed/</wfw:commentRss>
			<slash:comments>0</slash:comments>
		
		
			</item>
		<item>
		<title>Intraday Trading Rules You Should Never Break</title>
		<link>http://www.karmanullify.com/intraday-trading-rules/</link>
					<comments>http://www.karmanullify.com/intraday-trading-rules/#comments</comments>
		
		<dc:creator><![CDATA[Karmanullify]]></dc:creator>
		<pubDate>Fri, 04 Jun 2021 10:47:32 +0000</pubDate>
				<category><![CDATA[Misc]]></category>
		<guid isPermaLink="false">http://www.karmanullify.com/?p=2786</guid>

					<description><![CDATA[Intraday trading is an addiction. Both the success (profit) and failure (loss) in it results in more and more trading until it reaches to trader’s bankruptcy or to trader’s psychological imbalance. This could be saved if an trader follows Intraday trading rules. By following these trading rules you can make much money from Intraday trading ... <a title="Intraday Trading Rules You Should Never Break" class="read-more" href="http://www.karmanullify.com/intraday-trading-rules/" aria-label="More on Intraday Trading Rules You Should Never Break">Read more</a>]]></description>
										<content:encoded><![CDATA[
<p>Intraday trading is an addiction. Both the success (profit) and failure (loss) in it results in more and more trading until it reaches to trader’s bankruptcy or to trader’s psychological imbalance. This could be saved if an trader follows  Intraday trading rules. By following these trading rules you can make much money from Intraday trading than you previously made following a hit-or-miss path.</p>



<h2>Rule 1: Stick to your plan, no matter what</h2>



<p>Earning a lot of money every day before the closing bell rings could be the central idea, but it cannot be a plan, from any stretch of imagination. It can never pass for a plan. If this is all one got, the situation is not very bright. The sun will soon set in the horizon leaving a bitch-black darkeness behind.</p>



<p>It is, therefore, advised to have a proper plan for your Intraday trading activities. And once a plan and the strategy to meet the goal set in the plan is created and tested, stick to it. Follow it to the dressing room, for even the best of the strategies, if not backed, will not succeed.</p>



<p>The worst thing a day trader could do to himself and his plan is to switch strategy at the drop of a hat.</p>



<h2>Rule 2: Don&#8217;t Be Greedy </h2>



<p>If you scan through the history of people losing money in Intraday trading then you will see pages and pages of history littered with the stories of excessive greed. Greed, if controlled, could be a proponent of growth, but when left untamed, it brings disaster for its master.</p>



<p>Do not wait till the last minute for the bell to toll before you can surrender the winning hand. Sell it much earlier and remain satisfied with the profit you make, or even the loss you incurred.</p>



<h2>Rule 3: Never be afraid of loss, it doesn’t matter</h2>



<p>If Intraday trading is a gamble, letting go of the bad cards dealt to you is the key to the pot. Many Intraday traders are afraid of loss because of which they do not keep their minds and eyes open to see the bad trade they have done. At the end, they stick to a bad trade for long, which results in more loss.</p>



<p>The winner in the game of Intraday trading is the one who knows when to hold it and when to fold it (surrender), so that the gain could be maximized and loss could be minimized. Keeping the losses small, in a sense, is saving money which didn’t flow through like sand from the clenched fist.</p>



<h2>Rule 4: Information About Securities Markets</h2>



<p>Successful day trading strategies require the knowledge of securities markets. Security marketplace is substantially the actual catching point to any far off achievement within the  market. To be successful with Intraday trading, you must have an in-depth knowledge of the securities market, and the trading techniques. </p>



<p>Importantly, you should have an appropriate experience when attempting to design your Intraday trading <a href="http://www.karmanullify.com/share-trading-tips/">strategies</a>. Work carefully along with experts as well as certified investors that will help you have the correct details about particular security market. The actual security market is really a complicated and it is controlled by numerous elements that you need to know.</p>



<h2>Rule 5: Severe Risk Exposure</h2>



<p>Intraday trading is very risky, consequently you’ll want the best ways of limit these types of dangers. When developing your day trading strategies, put in thing to consider your own risk threshold, degree of assets, as well as trading experience.</p>



<h2>Rule 6: Focus First On Preserving Capital</h2>



<p>The final essential  Intraday trading rule is  to pay attention to protect your own funds prior to substantial capital gain. Though the aim of intraday trading is to break ground very fast, capital growth should come second. </p>



<p>It would be worthless if you loss all your capital because of the lucrative promises to gain marginally within a short trading hours. Though the concept is very simple and looks obvious, most forex traders don’t make the paradigm of preserving capital their first choice.</p>



<h2>Conclusion</h2>



<p>Although the probabilities of producing huge earnings with intraday trading  are very higher, the opportunity associated with losing all of your preliminary funds can also be higher. What’s going to make you really successful is actually the way you balance in between income as well as risk dangers.  </p>



<p>If you want to make real money in Intraday trading then you should follow the Intraday trading rules laid above. Breaking any of the Intraday trading rules may push you away from your goal. Keep your goal in mind and follow the trading rules set above.</p>



<p>Intraday trading  has the greatest risks and  trader ought to be completely conscious of this. Good planning and understanding the trade-off is vital. A cardinal rule for  profitability  is to plan your trade and trade your plan. To end the weeks, months, and years on the positive, you must fully understand how and what you will trade next.</p>
]]></content:encoded>
					
					<wfw:commentRss>http://www.karmanullify.com/intraday-trading-rules/feed/</wfw:commentRss>
			<slash:comments>2</slash:comments>
		
		
			</item>
		<item>
		<title>Stop-Loss Orders and Take-Profit Limit Orders</title>
		<link>http://www.karmanullify.com/stop-loss-orders-and-take-profit-limit-orders/</link>
					<comments>http://www.karmanullify.com/stop-loss-orders-and-take-profit-limit-orders/#respond</comments>
		
		<dc:creator><![CDATA[Karmanullify]]></dc:creator>
		<pubDate>Sat, 29 May 2021 10:14:23 +0000</pubDate>
				<category><![CDATA[Misc]]></category>
		<guid isPermaLink="false">http://www.karmanullify.com/?p=3314</guid>

					<description><![CDATA[Stop-Loss and Take-Profit Limit Orders What is the importance of Stop-Loss and Take-Profit Limit orders in financial spread betting? When you’re spread betting you may have noticed that there is a fair amount of risk involved. We have written up some examples in these articles that show big wins but also big losses. What if ... <a title="Stop-Loss Orders and Take-Profit Limit Orders" class="read-more" href="http://www.karmanullify.com/stop-loss-orders-and-take-profit-limit-orders/" aria-label="More on Stop-Loss Orders and Take-Profit Limit Orders">Read more</a>]]></description>
										<content:encoded><![CDATA[
<h2>Stop-Loss and Take-Profit Limit Orders</h2>



<p>What is the importance of Stop-Loss and Take-Profit Limit orders in financial spread betting?</p>



<p>When you’re spread betting you may have noticed that there is a fair amount of risk involved. We have written up some examples in these articles that show big wins but also big losses. What if there was a way to mitigate these losses so you could keep your big wins but cut short your losses so you don’t have to worry about them?</p>



<p>Sounds too good to be true?</p>



<p>Nope, there is a way. Read on to discover more.</p>



<h2>How Do Stop-Loss Orders Work</h2>



<p>Traditional investors have been taking advantage of stop losses and take profit orders for a long time. The basic premise is this:</p>



<ul><li>An investor “buys” a share at £10. He goes long thinking it will increase in value.</li><li>The investor really doesn’t want to lose money so he puts a stop loss order at £8.</li><li>If the stock increases in value the investor is happy and sells it making a tidy profit.</li><li>If the stock decreases in value the investor doesn’t panic because once the stock reaches £8 it will automatically be sold.</li></ul>



<p>That’s how it works with traditional investing and wouldn’t you know it, the system is exactly the same with spread betting. How exciting!</p>



<p>Please always use stop loss orders to protect yourself from extreme losses. There is no reason not to use one especially if you’re investing in a volatile market.</p>



<h2>How Do Take-Proft Limit Orders Work</h2>



<p>A take profit, limit order is the exact opposite and allows you to bank the profit from your winning spread bet instead of rolling it over. How fantastic!</p>



<p>The take profit limit order is important, but nothing beats the power of stop losses. Stop loss orders are by far the best way to mitigate your risk. When you are only risking a very little of your capital, you will (a) be able to make bigger trades comfortably and (b) worry less about your investment. It is very important to be able to sleep at night without worrying about your investments.</p>



<h3>Excitement Becomes Worry</h3>



<p>When you first get started you will probably feel excitement but in the coming days that will largely be replaced by worry, regardless of how well you are doing.</p>



<p>Once you get past the initial bit of excitement you’ll start analyzing more. You’ll wonder if you can keep up your good earnings or whether your bad fortune is something you’re stuck with.</p>



<p>Either way, worry starts to set in sooner or later and you’re going to start second guessing yourself. With a stop loss order you automatically prevent drastic losses which means you can eliminate the vast majority of the worry you would otherwise experience. As your trade moves in to profit, you can then move your stop losses to break even and then again to lock in a profit.</p>



<h2>Risk Management</h2>



<p>When it comes to risk reduction there are several other major factors that come into play. The most important is knowing your investing basics, something we have covered through many of the articles on this site. After all, it’s that important.</p>



<p>The other major thing you can do to reduce risk is diversify. If you’re investing entirely in stocks in the S&amp;P500 and suddenly some poor United States economic news hits the headlines, you are going to experience a sudden drop. Far better to have your bets diversified across numerous indices, commodities, and shares to protect yourself from this. Go international if you’re comfortable and if you’re familiar with Forex that can be a worthy diversification point as well.</p>



<p>When investing, be sure to keep risk reduction at the forefront of your mind. Investors often run into problems because they take risks that are too big. With diversification, being familiar with the basics and especially stop-loss orders you greatly increase your long term chances of success at spread betting.</p>



<h2>Anything I Missed?</h2>



<p>And now I’d like to hear from you:</p>



<p>Or maybe you have a question.</p>



<p>Either way, let me know by leaving a comment below right now.</p>



<h5><a href="http://www.karmanullify.com/disclaimer/">Disclaimer</a></h5>
]]></content:encoded>
					
					<wfw:commentRss>http://www.karmanullify.com/stop-loss-orders-and-take-profit-limit-orders/feed/</wfw:commentRss>
			<slash:comments>0</slash:comments>
		
		
			</item>
		<item>
		<title>NISM VS NCFM. We Have Surveyed 100+ Students. Here We Will Share Those Valuable Results.</title>
		<link>http://www.karmanullify.com/nism-vs-ncfm/</link>
					<comments>http://www.karmanullify.com/nism-vs-ncfm/#respond</comments>
		
		<dc:creator><![CDATA[Karmanullify]]></dc:creator>
		<pubDate>Wed, 26 May 2021 17:25:07 +0000</pubDate>
				<category><![CDATA[Misc]]></category>
		<guid isPermaLink="false">http://www.karmanullify.com/?p=967</guid>

					<description><![CDATA[We Have Surveyed 100+ Indian Students on their opinion about financial certification examinations like NISM VS NCFM for job seekers in India. Specifically, we looked at how factors like future scope, job incentives, salary, interviews, competition, job experience and exam certificates affects the lives of Students who are pursuing these financial certification examinations in India. ... <a title="NISM VS NCFM. We Have Surveyed 100+ Students. Here We Will Share Those Valuable Results." class="read-more" href="http://www.karmanullify.com/nism-vs-ncfm/" aria-label="More on NISM VS NCFM. We Have Surveyed 100+ Students. Here We Will Share Those Valuable Results.">Read more</a>]]></description>
										<content:encoded><![CDATA[
<p>We Have Surveyed 100+ Indian Students on their opinion about  financial certification examinations like <strong>NISM VS NCFM</strong> for job seekers in India.</p>



<p>Specifically, we looked at how factors like future scope, job incentives, salary, interviews, competition, job experience and exam certificates affects the lives of Students who are pursuing these financial certification examinations in India.</p>



<p>With the help of  ZohoSurvey, we uncovered some very interesting findings about the opinion of students on NISM and NCFM.</p>



<p>And now it’s time to share what we discovered.</p>



<h2><strong>Here is a Summary of Our Key Findings:</strong></h2>



<p>We have reached to <strong>more than 1450 students</strong> in India out of them around 100 have registered their opinion in this survey</p>



<figure class="wp-block-image size-large"><img decoding="async" src="https://1.bp.blogspot.com/-8CmKTYlee0Y/X-Vfr_3REVI/AAAAAAAAAAg/XxrO6lCkGYAsism8gpGD2T37_ZxKYJEpgCLcBGAsYHQ/s16000/surveyt.PNG" alt=""/><figcaption>NISM VS NCFM SURVEY</figcaption></figure>



<p>As you can see in the below box , the survey results are quite clear that NISM Certifications are great for those students who wants to pursue career in Indian Stock market. </p>



<figure class="wp-block-image size-large"><img decoding="async" src="https://1.bp.blogspot.com/-OehmT_G7TpQ/X-VfK9TpDtI/AAAAAAAAAAM/PtyVNkwbTUcwPa2uw_VGWdQ82bV0yz71wCLcBGAsYHQ/s16000/ivst7.PNG" alt="NISM VS NCFM"/><figcaption>NISM VS NCFM</figcaption></figure>



<p>While NCFM Certifications are great for those students who wants to test their  in depth knowledge of various concepts related to Mutual funds,  Share market and other financial instruments.</p>



<p>Both NISM and NCFM are very crucial. But if your focus is to pursue career or to get job and to gain knowledge then go for NISM. But if you want to check or expand your knowledge then go for NCFM.</p>



<h2>Which Is Better NISM Vs NCFM For Job Seekers  In India?</h2>



<figure class="wp-block-image size-large"><img decoding="async" src="https://1.bp.blogspot.com/-ZL1hTn61wa0/X-VfPZr8X5I/AAAAAAAAAAQ/5GD99KeRhkEZrCRexuKtddwUJNMyPqvZQCLcBGAsYHQ/s16000/ivst6.PNG" alt="NISM VS NCFM"/><figcaption>NISM VS NCFM graph</figcaption></figure>



<h2>                                              </h2>



<p>From the above graph, it is quite clear that NISM Certifications are great for those who wants to pursue career in Share market. But the real question is why? That&#8217;s what we will discuss right now.</p>



<p>NISM Certification are mandated by SEBI ( an Government  body of India ) for those who want to become Mutual Fund Distributor, Equity dealer, Stock broker, etc. And many other jobs related to Share Market.</p>



<p>After clearing NISM V A you can apply for ARN number in AMFI, after receiving ARN number, you can empanelled with any Asset Management Company In India like: ICICI Mutual Fund, HDFC Mutual Fund, IDBI Mutual Fund, etc. And then you can legally work as a Mutual Fund Distributor in India.</p>



<p>So, now you understand the importance of NISM Certifications for jobs seeker in financial sector. You can read more about various job opportunities and incentives <a href="http://www.karmanullify.com/nism-certifications/#Salary_And_Job_Incentives">here</a>.</p>



<h2>                                       <strong>Over To You</strong></h2>



<p>Now I’d like to hear from you:</p>



<p>What do you think of this Survey&#8217;s result? </p>



<p>Do you agree with results or do you have some doubts ? </p>



<p>Or</p>



<p>Maybe you are not aware about NISM.</p>



<p>If that&#8217;s the case, let me tell you. NISM being short for&nbsp;<strong>National Institute of Securities Market</strong>. It’s an exam for those who wants to pursue career options in Stock Market in India. NISM consists of X series. If you want to know more it, you can read this <a href="http://www.karmanullify.com/nism-certifications/">detailed guide</a> in audio format.</p>



<p>Each series is solely for one career options. For Example NISM V series is for those students who wants to become Mutual Fund Distributor while NISM VIII is for those who want to become Stock Brokers and various other jobs related to it.</p>



<p>And my team is specialize in teaching all these exam series. Even though I have taught classes for almost all NISM series, the bulk of my experience has been in working with NISM V and NISM VIII. Although we will provide knowledge about all NISM series as we are group of experts working together.</p>



<h2><strong>Conclusion</strong>:</h2>



<p>I learned a lot about Financial Certifications  from this study, and I hope you did too.</p>



<p>If you have any questions or doubts regarding this survey please comment below. I will try my best to help you out.</p>



<p></p>



<p></p>



<h2></h2>



<p></p>



<p></p>
]]></content:encoded>
					
					<wfw:commentRss>http://www.karmanullify.com/nism-vs-ncfm/feed/</wfw:commentRss>
			<slash:comments>0</slash:comments>
		
		
			</item>
	</channel>
</rss>
