<?xml version="1.0" encoding="UTF-8"?><rss version="2.0"
	xmlns:content="http://purl.org/rss/1.0/modules/content/"
	xmlns:dc="http://purl.org/dc/elements/1.1/"
	xmlns:atom="http://www.w3.org/2005/Atom"
	xmlns:sy="http://purl.org/rss/1.0/modules/syndication/"
	
	>
<channel>
	<title>
	Comments on: Power Grid InvIT IPO: Upcoming IPOS 2021	</title>
	<atom:link href="http://www.karmanullify.com/power-grid-invit-ipo/feed/" rel="self" type="application/rss+xml" />
	<link>http://www.karmanullify.com/power-grid-invit-ipo/</link>
	<description></description>
	<lastBuildDate>Fri, 03 Dec 2021 22:00:02 +0000</lastBuildDate>
	<sy:updatePeriod>
	hourly	</sy:updatePeriod>
	<sy:updateFrequency>
	1	</sy:updateFrequency>
	<generator>https://wordpress.org/?v=6.1.1</generator>
	<item>
		<title>
		By: owigenafaqu		</title>
		<link>http://www.karmanullify.com/power-grid-invit-ipo/#comment-2094</link>

		<dc:creator><![CDATA[owigenafaqu]]></dc:creator>
		<pubDate>Fri, 03 Dec 2021 22:00:02 +0000</pubDate>
		<guid isPermaLink="false">http://www.karmanullify.com/?p=2572#comment-2094</guid>

					<description><![CDATA[thanks]]></description>
			<content:encoded><![CDATA[<p>thanks</p>
]]></content:encoded>
		
			</item>
	</channel>
</rss>
