<?xml version="1.0" encoding="UTF-8"?><rss version="2.0"
	xmlns:content="http://purl.org/rss/1.0/modules/content/"
	xmlns:dc="http://purl.org/dc/elements/1.1/"
	xmlns:atom="http://www.w3.org/2005/Atom"
	xmlns:sy="http://purl.org/rss/1.0/modules/syndication/"
	
	>
<channel>
	<title>
	Comments on: What Are Futures And Options Trading &#124; The Best Ever 101 Guide For Noobs	</title>
	<atom:link href="http://www.karmanullify.com/what-are-futures-and-options/feed/" rel="self" type="application/rss+xml" />
	<link>http://www.karmanullify.com/what-are-futures-and-options/</link>
	<description></description>
	<lastBuildDate>Fri, 19 Nov 2021 21:16:50 +0000</lastBuildDate>
	<sy:updatePeriod>
	hourly	</sy:updatePeriod>
	<sy:updateFrequency>
	1	</sy:updateFrequency>
	<generator>https://wordpress.org/?v=6.1.1</generator>
	<item>
		<title>
		By: Cody		</title>
		<link>http://www.karmanullify.com/what-are-futures-and-options/#comment-1952</link>

		<dc:creator><![CDATA[Cody]]></dc:creator>
		<pubDate>Fri, 19 Nov 2021 21:16:50 +0000</pubDate>
		<guid isPermaLink="false">http://www.karmanullify.com/?p=299#comment-1952</guid>

					<description><![CDATA[Hello! I know this is somewhat off topic but I was wondering 
which blog platform are you using for this 
site? I&#039;m getting fed up of Wordpress because I&#039;ve 
had issues with hackers and I&#039;m looking at options for another platform.
I would be awesome if you could point me in the direction of a good platform.]]></description>
			<content:encoded><![CDATA[<p>Hello! I know this is somewhat off topic but I was wondering<br />
which blog platform are you using for this<br />
site? I&#8217;m getting fed up of WordPress because I&#8217;ve<br />
had issues with hackers and I&#8217;m looking at options for another platform.<br />
I would be awesome if you could point me in the direction of a good platform.</p>
]]></content:encoded>
		
			</item>
		<item>
		<title>
		By: Milo		</title>
		<link>http://www.karmanullify.com/what-are-futures-and-options/#comment-1884</link>

		<dc:creator><![CDATA[Milo]]></dc:creator>
		<pubDate>Thu, 11 Nov 2021 20:16:12 +0000</pubDate>
		<guid isPermaLink="false">http://www.karmanullify.com/?p=299#comment-1884</guid>

					<description><![CDATA[I have read several good stuff here. Certainly value 
bookmarking for revisiting. I surprise how so much effort you put to make such a excellent informative website.]]></description>
			<content:encoded><![CDATA[<p>I have read several good stuff here. Certainly value<br />
bookmarking for revisiting. I surprise how so much effort you put to make such a excellent informative website.</p>
]]></content:encoded>
		
			</item>
		<item>
		<title>
		By: Jack		</title>
		<link>http://www.karmanullify.com/what-are-futures-and-options/#comment-32</link>

		<dc:creator><![CDATA[Jack]]></dc:creator>
		<pubDate>Tue, 23 Mar 2021 02:34:31 +0000</pubDate>
		<guid isPermaLink="false">http://www.karmanullify.com/?p=299#comment-32</guid>

					<description><![CDATA[Resources this kind of as the one you mentioned here will be incredibly helpful to myself! I will publish a hyperlink to this page on my particular blog. I am sure my site visitors will discover that very beneficial. ]]></description>
			<content:encoded><![CDATA[<p>Resources this kind of as the one you mentioned here will be incredibly helpful to myself! I will publish a hyperlink to this page on my particular blog. I am sure my site visitors will discover that very beneficial. </p>
]]></content:encoded>
		
			</item>
	</channel>
</rss>
