<?xml version="1.0" encoding="UTF-8"?><rss version="2.0"
	xmlns:content="http://purl.org/rss/1.0/modules/content/"
	xmlns:dc="http://purl.org/dc/elements/1.1/"
	xmlns:atom="http://www.w3.org/2005/Atom"
	xmlns:sy="http://purl.org/rss/1.0/modules/syndication/"
	
	>
<channel>
	<title>
	Comments on: NISM VS NCFM. We Have Surveyed 100+ Students. Here We Will Share Those Valuable Results.	</title>
	<atom:link href="http://www.karmanullify.com/nism-vs-ncfm/feed/" rel="self" type="application/rss+xml" />
	<link>http://www.karmanullify.com/nism-vs-ncfm/</link>
	<description></description>
	<lastBuildDate>Sat, 04 Sep 2021 08:46:50 +0000</lastBuildDate>
	<sy:updatePeriod>
	hourly	</sy:updatePeriod>
	<sy:updateFrequency>
	1	</sy:updateFrequency>
	<generator>https://wordpress.org/?v=6.1.1</generator>
</channel>
</rss>
