<?xml version="1.0" encoding="UTF-8"?><rss version="2.0"
	xmlns:content="http://purl.org/rss/1.0/modules/content/"
	xmlns:dc="http://purl.org/dc/elements/1.1/"
	xmlns:atom="http://www.w3.org/2005/Atom"
	xmlns:sy="http://purl.org/rss/1.0/modules/syndication/"
	
	>
<channel>
	<title>
	Comments on: Penny Stocks: What it is and why it matters	</title>
	<atom:link href="http://www.karmanullify.com/penny-stocks/feed/" rel="self" type="application/rss+xml" />
	<link>http://www.karmanullify.com/penny-stocks/</link>
	<description></description>
	<lastBuildDate>Tue, 26 Jul 2022 14:14:09 +0000</lastBuildDate>
	<sy:updatePeriod>
	hourly	</sy:updatePeriod>
	<sy:updateFrequency>
	1	</sy:updateFrequency>
	<generator>https://wordpress.org/?v=6.1.1</generator>
	<item>
		<title>
		By: Rahul		</title>
		<link>http://www.karmanullify.com/penny-stocks/#comment-14</link>

		<dc:creator><![CDATA[Rahul]]></dc:creator>
		<pubDate>Fri, 05 Mar 2021 16:17:29 +0000</pubDate>
		<guid isPermaLink="false">http://www.karmanullify.com/?p=1923#comment-14</guid>

					<description><![CDATA[What is GME?]]></description>
			<content:encoded><![CDATA[<p>What is GME?</p>
]]></content:encoded>
		
			</item>
	</channel>
</rss>
