<?xml version="1.0" encoding="UTF-8"?><rss version="2.0"
	xmlns:content="http://purl.org/rss/1.0/modules/content/"
	xmlns:dc="http://purl.org/dc/elements/1.1/"
	xmlns:atom="http://www.w3.org/2005/Atom"
	xmlns:sy="http://purl.org/rss/1.0/modules/syndication/"
	
	>
<channel>
	<title>
	Comments on: Share Brokers &#038; Share Broking: A Beginner’s Guide	</title>
	<atom:link href="http://www.karmanullify.com/stock-broking/feed/" rel="self" type="application/rss+xml" />
	<link>http://www.karmanullify.com/stock-broking/</link>
	<description></description>
	<lastBuildDate>Sat, 01 Jan 2022 16:00:38 +0000</lastBuildDate>
	<sy:updatePeriod>
	hourly	</sy:updatePeriod>
	<sy:updateFrequency>
	1	</sy:updateFrequency>
	<generator>https://wordpress.org/?v=6.1.1</generator>
	<item>
		<title>
		By: ewatuvanoy		</title>
		<link>http://www.karmanullify.com/stock-broking/#comment-2508</link>

		<dc:creator><![CDATA[ewatuvanoy]]></dc:creator>
		<pubDate>Sat, 01 Jan 2022 16:00:38 +0000</pubDate>
		<guid isPermaLink="false">http://www.karmanullify.com/?p=1928#comment-2508</guid>

					<description><![CDATA[thanks for this post]]></description>
			<content:encoded><![CDATA[<p>thanks for this post</p>
]]></content:encoded>
		
			</item>
	</channel>
</rss>
