<?xml version="1.0" encoding="UTF-8"?><rss version="2.0"
	xmlns:content="http://purl.org/rss/1.0/modules/content/"
	xmlns:dc="http://purl.org/dc/elements/1.1/"
	xmlns:atom="http://www.w3.org/2005/Atom"
	xmlns:sy="http://purl.org/rss/1.0/modules/syndication/"
	
	>
<channel>
	<title>
	Comments on: Discount brokers Vs Full service brokers: Which One Should You Pick?	</title>
	<atom:link href="http://www.karmanullify.com/discount-brokers-vs-full-service-brokers/feed/" rel="self" type="application/rss+xml" />
	<link>http://www.karmanullify.com/discount-brokers-vs-full-service-brokers/</link>
	<description></description>
	<lastBuildDate>Thu, 21 Apr 2022 04:45:24 +0000</lastBuildDate>
	<sy:updatePeriod>
	hourly	</sy:updatePeriod>
	<sy:updateFrequency>
	1	</sy:updateFrequency>
	<generator>https://wordpress.org/?v=6.1.1</generator>
	<item>
		<title>
		By: chadwick		</title>
		<link>http://www.karmanullify.com/discount-brokers-vs-full-service-brokers/#comment-4043</link>

		<dc:creator><![CDATA[chadwick]]></dc:creator>
		<pubDate>Thu, 21 Apr 2022 04:45:24 +0000</pubDate>
		<guid isPermaLink="false">http://www.karmanullify.com/?p=1639#comment-4043</guid>

					<description><![CDATA[Fantastic beat ! I would like to apprentice while you amend your web site, how could i subscribe for a blog web site? The account helped me a acceptable deal. I had been a little bit acquainted of this your broadcast offered bright clear idea]]></description>
			<content:encoded><![CDATA[<p>Fantastic beat ! I would like to apprentice while you amend your web site, how could i subscribe for a blog web site? The account helped me a acceptable deal. I had been a little bit acquainted of this your broadcast offered bright clear idea</p>
]]></content:encoded>
		
			</item>
	</channel>
</rss>
