<?xml version="1.0" encoding="UTF-8"?><rss version="2.0"
	xmlns:content="http://purl.org/rss/1.0/modules/content/"
	xmlns:dc="http://purl.org/dc/elements/1.1/"
	xmlns:atom="http://www.w3.org/2005/Atom"
	xmlns:sy="http://purl.org/rss/1.0/modules/syndication/"
	
	>
<channel>
	<title>
	Comments on: SAMHI Hotels IPO: Upcoming IPOS 2021	</title>
	<atom:link href="http://www.karmanullify.com/samhi-hotels-ipo/feed/" rel="self" type="application/rss+xml" />
	<link>http://www.karmanullify.com/samhi-hotels-ipo/</link>
	<description></description>
	<lastBuildDate>Tue, 02 Mar 2021 02:36:12 +0000</lastBuildDate>
	<sy:updatePeriod>
	hourly	</sy:updatePeriod>
	<sy:updateFrequency>
	1	</sy:updateFrequency>
	<generator>https://wordpress.org/?v=6.1.1</generator>
</channel>
</rss>
