<?xml version="1.0" encoding="UTF-8"?><rss version="2.0"
	xmlns:content="http://purl.org/rss/1.0/modules/content/"
	xmlns:dc="http://purl.org/dc/elements/1.1/"
	xmlns:atom="http://www.w3.org/2005/Atom"
	xmlns:sy="http://purl.org/rss/1.0/modules/syndication/"
	
	>
<channel>
	<title>
	Comments on: What happened after the Great Depression of 1929?	</title>
	<atom:link href="http://www.karmanullify.com/what-happened-after-the-great-depression-of-1929/feed/" rel="self" type="application/rss+xml" />
	<link>http://www.karmanullify.com/what-happened-after-the-great-depression-of-1929/</link>
	<description></description>
	<lastBuildDate>Tue, 26 Jul 2022 14:13:39 +0000</lastBuildDate>
	<sy:updatePeriod>
	hourly	</sy:updatePeriod>
	<sy:updateFrequency>
	1	</sy:updateFrequency>
	<generator>https://wordpress.org/?v=6.1.1</generator>
	<item>
		<title>
		By: Faizal		</title>
		<link>http://www.karmanullify.com/what-happened-after-the-great-depression-of-1929/#comment-22</link>

		<dc:creator><![CDATA[Faizal]]></dc:creator>
		<pubDate>Thu, 11 Mar 2021 04:55:14 +0000</pubDate>
		<guid isPermaLink="false">http://www.karmanullify.com/?p=2868#comment-22</guid>

					<description><![CDATA[GME will cross 500 by tommorow. What do you think?]]></description>
			<content:encoded><![CDATA[<p>GME will cross 500 by tommorow. What do you think?</p>
]]></content:encoded>
		
			</item>
	</channel>
</rss>
