<?xml version="1.0" encoding="UTF-8"?><rss version="2.0"
	xmlns:content="http://purl.org/rss/1.0/modules/content/"
	xmlns:dc="http://purl.org/dc/elements/1.1/"
	xmlns:atom="http://www.w3.org/2005/Atom"
	xmlns:sy="http://purl.org/rss/1.0/modules/syndication/"
	
	>
<channel>
	<title>
	Comments on: Will the Stock Market Crash Soon?	</title>
	<atom:link href="http://www.karmanullify.com/will-the-stock-market-crash-soon/feed/" rel="self" type="application/rss+xml" />
	<link>http://www.karmanullify.com/will-the-stock-market-crash-soon/</link>
	<description></description>
	<lastBuildDate>Sun, 06 Mar 2022 12:11:03 +0000</lastBuildDate>
	<sy:updatePeriod>
	hourly	</sy:updatePeriod>
	<sy:updateFrequency>
	1	</sy:updateFrequency>
	<generator>https://wordpress.org/?v=6.1.1</generator>
	<item>
		<title>
		By: Adam		</title>
		<link>http://www.karmanullify.com/will-the-stock-market-crash-soon/#comment-1529</link>

		<dc:creator><![CDATA[Adam]]></dc:creator>
		<pubDate>Wed, 20 Oct 2021 07:47:40 +0000</pubDate>
		<guid isPermaLink="false">http://www.karmanullify.com/?p=2854#comment-1529</guid>

					<description><![CDATA[Article is few months old but still very relevant. Thanks for sharing!]]></description>
			<content:encoded><![CDATA[<p>Article is few months old but still very relevant. Thanks for sharing!</p>
]]></content:encoded>
		
			</item>
		<item>
		<title>
		By: Rajat		</title>
		<link>http://www.karmanullify.com/will-the-stock-market-crash-soon/#comment-18</link>

		<dc:creator><![CDATA[Rajat]]></dc:creator>
		<pubDate>Mon, 08 Mar 2021 04:42:34 +0000</pubDate>
		<guid isPermaLink="false">http://www.karmanullify.com/?p=2854#comment-18</guid>

					<description><![CDATA[It will crash.]]></description>
			<content:encoded><![CDATA[<p>It will crash.</p>
]]></content:encoded>
		
			</item>
	</channel>
</rss>
