<?xml version="1.0" encoding="UTF-8"?><rss version="2.0"
	xmlns:content="http://purl.org/rss/1.0/modules/content/"
	xmlns:dc="http://purl.org/dc/elements/1.1/"
	xmlns:atom="http://www.w3.org/2005/Atom"
	xmlns:sy="http://purl.org/rss/1.0/modules/syndication/"
	
	>
<channel>
	<title>
	Comments on: Why Trading May Not Be the Career for You	</title>
	<atom:link href="http://www.karmanullify.com/why-trading-may-not-be-the-career-for-you/feed/" rel="self" type="application/rss+xml" />
	<link>http://www.karmanullify.com/why-trading-may-not-be-the-career-for-you/</link>
	<description></description>
	<lastBuildDate>Thu, 15 Apr 2021 04:33:47 +0000</lastBuildDate>
	<sy:updatePeriod>
	hourly	</sy:updatePeriod>
	<sy:updateFrequency>
	1	</sy:updateFrequency>
	<generator>https://wordpress.org/?v=6.1.1</generator>
</channel>
</rss>
