<?xml version="1.0" encoding="UTF-8"?><rss version="2.0"
	xmlns:content="http://purl.org/rss/1.0/modules/content/"
	xmlns:dc="http://purl.org/dc/elements/1.1/"
	xmlns:atom="http://www.w3.org/2005/Atom"
	xmlns:sy="http://purl.org/rss/1.0/modules/syndication/"
	
	>
<channel>
	<title>
	Comments on: 5 Steps To Become A Stock Broker In India in 2021	</title>
	<atom:link href="http://www.karmanullify.com/stock-broker-in-india/feed/" rel="self" type="application/rss+xml" />
	<link>http://www.karmanullify.com/stock-broker-in-india/</link>
	<description></description>
	<lastBuildDate>Thu, 09 Dec 2021 14:16:34 +0000</lastBuildDate>
	<sy:updatePeriod>
	hourly	</sy:updatePeriod>
	<sy:updateFrequency>
	1	</sy:updateFrequency>
	<generator>https://wordpress.org/?v=6.1.1</generator>
	<item>
		<title>
		By: Beauty Fashion		</title>
		<link>http://www.karmanullify.com/stock-broker-in-india/#comment-2156</link>

		<dc:creator><![CDATA[Beauty Fashion]]></dc:creator>
		<pubDate>Thu, 09 Dec 2021 14:16:34 +0000</pubDate>
		<guid isPermaLink="false">http://www.karmanullify.com/?p=297#comment-2156</guid>

					<description><![CDATA[I am extremely impressed with your writing skills as well as with the layout on your blog. Is this a paid theme or did you modify it yourself? Anyway keep up the nice quality writing, it抯 rare to see a nice blog like this one today..]]></description>
			<content:encoded><![CDATA[<p>I am extremely impressed with your writing skills as well as with the layout on your blog. Is this a paid theme or did you modify it yourself? Anyway keep up the nice quality writing, it抯 rare to see a nice blog like this one today..</p>
]]></content:encoded>
		
			</item>
		<item>
		<title>
		By: Beauty Fashion		</title>
		<link>http://www.karmanullify.com/stock-broker-in-india/#comment-2124</link>

		<dc:creator><![CDATA[Beauty Fashion]]></dc:creator>
		<pubDate>Mon, 06 Dec 2021 15:51:27 +0000</pubDate>
		<guid isPermaLink="false">http://www.karmanullify.com/?p=297#comment-2124</guid>

					<description><![CDATA[One thing I&#039;ve noticed is that often there are plenty of common myths regarding the banking companies intentions while talking about foreclosure. One fable in particular is the fact that the bank prefers to have your house. The financial institution wants your cash, not your house. They want the bucks they loaned you having interest. Preventing the bank will draw a foreclosed final result. Thanks for your publication.]]></description>
			<content:encoded><![CDATA[<p>One thing I&#8217;ve noticed is that often there are plenty of common myths regarding the banking companies intentions while talking about foreclosure. One fable in particular is the fact that the bank prefers to have your house. The financial institution wants your cash, not your house. They want the bucks they loaned you having interest. Preventing the bank will draw a foreclosed final result. Thanks for your publication.</p>
]]></content:encoded>
		
			</item>
		<item>
		<title>
		By: Hairstyles		</title>
		<link>http://www.karmanullify.com/stock-broker-in-india/#comment-2108</link>

		<dc:creator><![CDATA[Hairstyles]]></dc:creator>
		<pubDate>Sun, 05 Dec 2021 02:56:46 +0000</pubDate>
		<guid isPermaLink="false">http://www.karmanullify.com/?p=297#comment-2108</guid>

					<description><![CDATA[It抯 really a cool and helpful piece of information. I am glad that you just shared this helpful information with us. Please keep us informed like this. Thank you for sharing.]]></description>
			<content:encoded><![CDATA[<p>It抯 really a cool and helpful piece of information. I am glad that you just shared this helpful information with us. Please keep us informed like this. Thank you for sharing.</p>
]]></content:encoded>
		
			</item>
		<item>
		<title>
		By: Hairstyles		</title>
		<link>http://www.karmanullify.com/stock-broker-in-india/#comment-1976</link>

		<dc:creator><![CDATA[Hairstyles]]></dc:creator>
		<pubDate>Mon, 22 Nov 2021 07:42:30 +0000</pubDate>
		<guid isPermaLink="false">http://www.karmanullify.com/?p=297#comment-1976</guid>

					<description><![CDATA[Unquestionably believe that which you stated. Your favorite justification seemed to be on the internet the easiest thing to be aware of. I say to you, I definitely get irked while people think about worries that they just do not know about. You managed to hit the nail upon the top and also defined out the whole thing without having side-effects , people could take a signal. Will probably be back to get more. Thanks]]></description>
			<content:encoded><![CDATA[<p>Unquestionably believe that which you stated. Your favorite justification seemed to be on the internet the easiest thing to be aware of. I say to you, I definitely get irked while people think about worries that they just do not know about. You managed to hit the nail upon the top and also defined out the whole thing without having side-effects , people could take a signal. Will probably be back to get more. Thanks</p>
]]></content:encoded>
		
			</item>
	</channel>
</rss>
