<?xml version="1.0" encoding="UTF-8"?><rss version="2.0"
	xmlns:content="http://purl.org/rss/1.0/modules/content/"
	xmlns:wfw="http://wellformedweb.org/CommentAPI/"
	xmlns:dc="http://purl.org/dc/elements/1.1/"
	xmlns:atom="http://www.w3.org/2005/Atom"
	xmlns:sy="http://purl.org/rss/1.0/modules/syndication/"
	xmlns:slash="http://purl.org/rss/1.0/modules/slash/"
	>

<channel>
	<title>Stock Market Crash &#8211; Karmanullify</title>
	<atom:link href="http://www.karmanullify.com/tag/stock-market-crash/feed/" rel="self" type="application/rss+xml" />
	<link>http://www.karmanullify.com/</link>
	<description></description>
	<lastBuildDate>Fri, 24 Sep 2021 02:26:27 +0000</lastBuildDate>
	<language>en-US</language>
	<sy:updatePeriod>
	hourly	</sy:updatePeriod>
	<sy:updateFrequency>
	1	</sy:updateFrequency>
	<generator>https://wordpress.org/?v=6.1.1</generator>

<image>
	<url>http://www.karmanullify.com/wp-content/uploads/2020/08/logoz.png</url>
	<title>Stock Market Crash &#8211; Karmanullify</title>
	<link>http://www.karmanullify.com/</link>
	<width>32</width>
	<height>32</height>
</image> 
	<item>
		<title>Wall Street Crash of 1929: Everything You Need To Know</title>
		<link>http://www.karmanullify.com/stock-market-crash-of-1929/</link>
					<comments>http://www.karmanullify.com/stock-market-crash-of-1929/#comments</comments>
		
		<dc:creator><![CDATA[Karmanullify]]></dc:creator>
		<pubDate>Tue, 06 Apr 2021 03:58:49 +0000</pubDate>
				<category><![CDATA[Financial Crisis]]></category>
		<category><![CDATA[Stock Market Crash]]></category>
		<guid isPermaLink="false">http://www.karmanullify.com/?p=2806</guid>

					<description><![CDATA[Wall Street Crash of 1929 Trading stocks and shares on the stock market can be seen as a quick and easy way to make money. However this isn’t always the case, historically stock market crashes have occurred throughout 20th Century history. A stock market crash is a sudden decline in stock prices across a large ... <a title="Wall Street Crash of 1929: Everything You Need To Know" class="read-more" href="http://www.karmanullify.com/stock-market-crash-of-1929/" aria-label="More on Wall Street Crash of 1929: Everything You Need To Know">Read more</a>]]></description>
										<content:encoded><![CDATA[
<h2>Wall Street Crash of 1929</h2>



<p>Trading stocks and shares on the stock market can be seen as a quick and easy way to make money. However this isn’t always the case, historically stock market crashes have occurred throughout 20th Century history. </p>



<p>A stock market crash is a sudden decline in stock prices across a large section of the stock market. A stock market crash generally occurs after a period of panic selling. Generally in periods of high economic optimism, stock prices can become higher than their true value, if this optimism fades, market participants become likely to sell stocks at a lower value. </p>



<p>As stock values decrease, panic sales can set in, causing the stock market to crash. The&nbsp;stock market crash of 1929, also known as the <strong>Wall Street Crash 1929</strong> or <a href="http://www.karmanullify.com/the-great-depression/">The Great Depression</a> was one of the largest stock market crash in the history of the United States. </p>



<p>After a decade of huge prosperity and predictions of permanently high share values, a decline in real estate prices culminated in the Stock Market showing signs of instability in the summer of 1929.</p>



<p>The stock market had risen to a record high in September 1929 due to public investors being infatuated with rising prices (and profits) and thus ploughing huge amounts of money into stocks. Investment trusts (those who bought stocks and shares on behalf of their members) were becoming more and more widely used also. </p>



<p>Due to how lucrative buying and selling shares appeared, investors were routinely borrowing more than two thirds of the face value of stocks they were buying. When the stock market began to show signs of instability, those who had borrowed began to fear they wouldn’t get back what they had paid and began to panic sell.</p>



<h2>Black Tuesday</h2>



<p>On Tuesday October 29, 1929, or “Black Tuesday” as it is more commonly known, stock prices plummeted and continued to do so for a month afterwards. The Dow Jones Industrial Average (an indicator of stock prices based on US stocks of 30 large industrial companies) fell 38 points to 260. </p>



<p>This was a 12.8% drop in one day as panic selling kicked off. Over the course of Tuesday and Wednesday, the Dow Jones Industrial Average dropped 23% in total, and dropped 40% by the week of November 11th from the September high.</p>



<p>The Stock Market crash of 1929 was the major event that lead to the Great Depression, a severe economic depression, that spread through developed countries globally and lasted for over 10 years. </p>



<p>Effects of the Great Depression were suffered worldwide. In the USA unemployment rose to 25%, while it exceeded 30% in other developed countries. Personal income, tax revenue, profit, and international trade dropped by over half of their previous value.</p>



<h2>Black Monday</h2>



<p>The Stock Market crash of 1929 wasn’t the only market crash in the 20th century though. The Dow Jones Industrial Average dropped 22.6% on “Black Monday” in the Stock Market Crash of 1987, the greatest single day loss in history. </p>



<p>The <a href="http://www.karmanullify.com/stock-market-crash-2008/">stock market crash of 2008</a> wasn’t far behind, either, with a 21% drop in a week, 7% less than 1987. That said, no single stock market crash has ever had such devastating effects as 1929 as yet.</p>



<h2>Disclaimer: </h2>



<p>Investment in securities market are subject to market risks, read all the related documents carefully before investing. Please read the Risk Disclosure documents carefully before investing in Equity Shares, Derivatives, Mutual fund, and/or other instruments traded on the Stock Exchanges. </p>



<p>As investments are subject to market risks and price fluctuation risk, there is no assurance or guarantee that the investment objectives shall be achieved. Past performance of securities/instruments is not indicative of their future performance. This post is only for Educational purpose.</p>



<p></p>
]]></content:encoded>
					
					<wfw:commentRss>http://www.karmanullify.com/stock-market-crash-of-1929/feed/</wfw:commentRss>
			<slash:comments>3</slash:comments>
		
		
			</item>
		<item>
		<title>Bernie Madoff: The Largest Ponzi Scheme In Wall Street history.</title>
		<link>http://www.karmanullify.com/bernie-madoff/</link>
					<comments>http://www.karmanullify.com/bernie-madoff/#respond</comments>
		
		<dc:creator><![CDATA[Karmanullify]]></dc:creator>
		<pubDate>Wed, 31 Mar 2021 12:42:22 +0000</pubDate>
				<category><![CDATA[Financial Crisis]]></category>
		<category><![CDATA[ponzi scheme]]></category>
		<category><![CDATA[Stock Market Crash]]></category>
		<guid isPermaLink="false">http://www.karmanullify.com/?p=3164</guid>

					<description><![CDATA[Bernie Madoff Bernard Lawrence Madoff claimed that he was running a legitimate financial business when in reality he was putting together one of the greatest Ponzi schemes of all time. This scheme duped investors out of approximately $50 billion. How Madoff was able to get away with this scheme for so long?  Obviously, he was eventually ... <a title="Bernie Madoff: The Largest Ponzi Scheme In Wall Street history." class="read-more" href="http://www.karmanullify.com/bernie-madoff/" aria-label="More on Bernie Madoff: The Largest Ponzi Scheme In Wall Street history.">Read more</a>]]></description>
										<content:encoded><![CDATA[
<h2>Bernie Madoff</h2>



<p>Bernard Lawrence Madoff claimed that he was running a legitimate financial business when in reality he was putting together one of the greatest Ponzi schemes of all time.&nbsp;This scheme duped investors out of approximately <strong>$50 billion.</strong></p>



<p>How Madoff was able to get away with this scheme for so long?&nbsp; </p>



<p>Obviously, he was eventually caught in 2008.&nbsp; However, if we take his word as to how long he had been engaging in illegal activities, this means that he had been at it for about a decade and a half before he was actually caught by the proper regulatory agencies.&nbsp;</p>



<p>If we take the word of the investigators that believe he had been at it at least in part since the 1970s, there are grounds to be very worried about how the different parts of the regulatory framework of the financial system within the United States are working.&nbsp; So the question remains the same.&nbsp; How exactly was Madoff able to get away with something so dishonest for so long?</p>



<p>Well, for starters, it is important to point out something about Madoff’s company that the media likely won’t tell you very often.&nbsp; The fact of the matter is that if you go back roughly over the period of time that Madoff claims that he was engaged in illegal activities, what you are going to see is that Madoff was indeed investigated a lot by the regulatory agencies during that period of time.&nbsp; </p>



<p>One of the feeder firms for Madoff Securities LLC known as Avellino and Bienes was investigated in 1992, supposedly before Madoff began the lion’s share of his illegal activities.&nbsp; Also, the actual main firm of Madoff Securities was invested in 1999, 2000, 2004, 2005 and 2006.&nbsp; </p>



<p>In fact, when you put together all of the different investigations into the Madoff firm, what you will see right away is that at least eight different investigations into the company took place over the course of time that Madoff claims he was actually involved in the illegal activities.&nbsp; </p>



<p>The media doesn’t focus on that aspect of things because it is a lot easier to stoke anger by claiming that the authorities fell flat on their face on this one.&nbsp; It is also a lot healthier for their television ratings.</p>



<p>Another thing that is worth pointing out but which the media frequently misses is the fact that a lot of different watchdog groups were taking a closer look at Madoff’s financial empire as time led up to his eventual collapse.&nbsp; For example, there was a report released in 2007 by the Financial Industry Regulatory Authority that actually pointed out that Madoff Securities had different sections that did not seem to service any customers.&nbsp; </p>



<p>At the same point in time, there were various red flags about the way in which Madoff was doing business that did seem to alert many of the other outside agencies as to the fact that fraud of some kind might be going on in his firm.&nbsp; In fact, any way you look at it, it appears as though at any point in time, just a slightly heavier investigation into Madoff’s activities might have nipped this particular problem before it ever became the huge scandal that it currently is.</p>



<p>Of course, ‘if’ is a word that is used for hope and idealism, both of which are probably futile expenditures at this point in time.&nbsp; The fact of the matter is that while Bernie Madoff was indeed investigated, he was never investigated to the point where any of the authorities felt that they could move on him.&nbsp; </p>



<p>Because of this, the main question about the Madoff scandal remains exactly the same.&nbsp; And that question is the question of why.&nbsp;</p>



<blockquote class="wp-block-quote"><p>Why, at the end of all that was said and done, was Madoff still able to get away with extraordinary levels of fraud and abuse for such a long time before he was actually caught?</p></blockquote>



<p>Well, there are many reasons that have been forwarded in an attempt to answer this particular question.&nbsp; You can take a look at all of them and then decide which, if any, you are going to believe.</p>



<h2>Theory #1</h2>



<p>One reason that has been put forward regarding the Madoff scandal being so successful for so long is that a lot of people did not really want to mess with Bernie Madoff.&nbsp; Keep in mind the history of the man that was discussed at the start of this article.&nbsp; </p>



<p>The fact of the matter is that if you take the last 15 or so years out of his career, he had a very distinguished one.&nbsp; Being the developer and head of NASDAQ is something that Madoff will always be able to hold up as his greatest achievement.&nbsp; </p>



<p>No matter how the current population thinks in regards to his reputation, history will definitely remember him as a mixed figure capable of extraordinary good and mind-blowing evil.&nbsp; He was a financial giant even before he started the illegal activities and there are some that have suggested that this caused a lot of the investigative agencies responsible for policing the financial markets to go easy on him.&nbsp;</p>



<p>Since Madoff was undoubtedly a financial genius, this would have made it a lot easier for him to evade detection if it is indeed something that is true.</p>



<p></p>



<h2>Theory #2</h2>



<p>Another theory that has been put forth is that Madoff was just that good.&nbsp; This is one of the theories that is not very popular, but there are enough people that still have a high enough opinion of Madoff that the theory does get some play whenever people argue back and forth about what this man was or was not able to do.&nbsp; </p>



<p>Essentially, there are some that believe that Madoff was such a high level financial genius that he really had the ability to understand implicitly what investigators would do and therefore plan accordingly.&nbsp;</p>



<p>There are falsified <a href="http://www.karmanullify.com/standalone-vs-consolidated/">financial statements</a> from the firm to back this theory up, but the general consensus within the industry is that it would have taken a lot more than that in order to pull the wool over the eyes of both investigators and investors for such a long period of time.</p>



<p></p>



<h2>Theory #3</h2>



<p>Another thing that people point is relationship that Madoff’s family had with Washington.&nbsp; There were multiple instances over the course of time when legislation that would have helped Madoff maintain his veil of secrecy over the operations of his firm was passed.&nbsp; </p>



<p>He definitely had a lot of beneficial non-regulation thrown his way.&nbsp; Whether that was because of his family’s relationship to Washington or just coincidental is another point of debate for many people.</p>



<p>Madoff was also able to get quite a few people to vouch for his operations.&nbsp; There were many clients that he had that were willing to sing to the sky in terms of praising his excellence.&nbsp; </p>



<p>Many large clients like Union Bancaire Privee and Fairfield Greenwich Group claimed that after taking a close look at his business practices, they did not see anything unusual with the way in which he did his business.&nbsp; </p>



<p>So if clients with their own direct monetary interest at stake could not find anything wrong with him, many people wonder how the regulatory agencies could have done better.</p>



<p>Speaking of large clients, Madoff dealt a lot with them.&nbsp; Rather than dealing with a huge number of smaller clients and promising huge returns to those clients, Madoff instead chose to deal with a smaller number of clients that collectively had a larger amount of money.&nbsp;</p>



<p>By promising modest rather than overwhelming returns to that smaller number of larger clients, Madoff was able to run his Ponzi scheme with a slightly higher health level since the percentage gain that he was required to pay out to each successive person was a bit smaller.&nbsp; This allowed him to prolong the life of the Ponzi scheme to the ridiculous proportions that have already been discussed earlier in this article on the Madoff scandal.</p>



<h2>Theory #4</h2>



<p>One final reason that has been suggested by some regarding the lengthy success of the Madoff Ponzi scheme was his investment in charities.&nbsp; There were many different charities that Madoff had been involved with over the course of time.&nbsp; </p>



<p>These types of investments are not policed as heavily as some of the others and for that reason there were many that felt that Madoff really did not have that much luck so much as he had the foresight to invest in places that he knew the authorities were not looking.&nbsp; It is certainly an interesting theory and one that will be debated for a long time just like the other reasons mentioned above.</p>



<p>In the end, these are some of the reasons that have been proposed by people as to why the Madoff scandal scheme was able to work for as long as it did.&nbsp;</p>



<p></p>
]]></content:encoded>
					
					<wfw:commentRss>http://www.karmanullify.com/bernie-madoff/feed/</wfw:commentRss>
			<slash:comments>0</slash:comments>
		
		
			</item>
		<item>
		<title>The Great Depression (1929-1930)</title>
		<link>http://www.karmanullify.com/the-great-depression/</link>
					<comments>http://www.karmanullify.com/the-great-depression/#comments</comments>
		
		<dc:creator><![CDATA[Karmanullify]]></dc:creator>
		<pubDate>Sun, 07 Mar 2021 17:52:05 +0000</pubDate>
				<category><![CDATA[Financial Crisis]]></category>
		<category><![CDATA[Stock Market Crash]]></category>
		<guid isPermaLink="false">http://www.karmanullify.com/?p=2860</guid>

					<description><![CDATA[The Great Depression The Great Depression or the Stock market crash of 1929 started in 1929 and ended in the 1930s. While the Great Depression hit North American and Europe the hardest, other cities worldwide were affected just as much. It was the start of the Second World War that put an end to the devastating ... <a title="The Great Depression (1929-1930)" class="read-more" href="http://www.karmanullify.com/the-great-depression/" aria-label="More on The Great Depression (1929-1930)">Read more</a>]]></description>
										<content:encoded><![CDATA[
<h2>The Great Depression</h2>



<p>The Great Depression or the Stock market crash of 1929 started in 1929 and ended in the 1930s. While the Great Depression hit North American and Europe the hardest, other cities worldwide&nbsp;were affected just as much. It was the start of the Second World War that put an end to the devastating effects caused by the Great Depression.</p>



<h2>The Great Depression Causes</h2>



<p>Causes of the Great Depression have been discussed by scholars and economists every since. Life during the Great Depression was hard and effects of the Great Depression lasted way after the World War II started. </p>



<p>Unemployment during the great depression was at record high. Many people who remember the time of the Great Depression still worry when investing in the stock market nowadays.</p>



<p>Although, scholars have not totally agreed on the causes of the Great Depression, there are enough theories about why the Great Depression occurred, whether the Great Depression will occur again or how to prevent an event similar to the Great Depression of 1929 from happening again. </p>



<p>Among theories of what caused the Great Depression are: orthodox classical economics theory of the Great Depression, monetarist and Keynesian view on the Great Depression, Austrian economic and neoclassical economic theory of the causes of the Great Depression, Structural theories of the Great Depression, and so forth.</p>



<h2>Changes over time in the nature of employee pension plans</h2>



<p>Changes over time in the nature of employee pension plans&nbsp;have encouraged people to learn about, and eventually accept, stocks as investments. The most revolutionary change in these institutions in the United States has been the expansion of defined contribution pension plans at the expense of defined benefit plans.</p>



<h2>Growth spurt in the mutual fund industry</h2>



<p>The stock market boom has coincided with a peculiar growth spurt in the mutual fund industry and a proliferation of advertising for mutual funds. In 1982, there were 6.2 million equity mutual fund shareholder accounts in the United States, about one for every ten U.S. families. By 1998, there were 119.8 million such shareholder accounts, or nearly two accounts per family.</p>



<h2>A&nbsp;lower inflation rate</h2>



<p>High inflation is perceived as a sign of economic disarray, of a loss of basic values, and a disgrace to the nation, an embarrassment before foreigners. Low inflation is viewed as a sign of economic prosperity, social justice, and good government. It is not surprising, therefore, that a lower inflation rate boosts public confidence, and hence stock market valuation.</p>



<h2>Higher equity turnover rate</h2>



<p>The higher equity turnover rate may be symptomatic of increased interest in the market. According to a study by the SEC, there were 3.7 million online accounts in the United States in 1997; by 1999 there were 9.7 million such accounts.</p>



<h2>Dramatic increase in gambling</h2>



<p>There has been a dramatic increase in gambling opportunities in the United States in recent years.</p>



<p>This section of the Great Depression website examines factors affecting the market during stock market crashes including the stock market crash of 1929. The Great Depression was by no means caused by any single factor. </p>



<p>It is all the factors together that caused the stock market crash of 1929. Set forth below is a list of factors that may help explain the present speculative market, mostly factors that have had an effect on the market that are not warranted by rational analysis of economic fundamentals:</p>



<h2>Internet and the World Wide Web</h2>



<p>Internet and the World Wide Web have invaded investors’ homes during the second half of the 1990s, making the population intimately conscious of the pace of technological change. </p>



<h2>The U.S. appears to occupy a leadership position</h2>



<p>In many areas of activity, the U.S. appears to occupy a leadership position, and therefore it starts to seem only natural that confidence in the premier capitalist system would translate into confidence in the market, and that the U.S. stock market should be the most highly valued in the world.</p>



<h2>Significant rise in materialistic values</h2>



<p>The bull market has been accompanied by a significant rise in materialistic values. It is plausible that materialistic feelings might influence investors’ demand for stocks, which have long held out at least the possibility of amassing substantial and quick riches.</p>



<h2>Anything I Missed?</h2>



<p>So this is the  Case Study of The Great Depression of 1929.</p>



<p>There you go guys, now you know what happened at that time and if you are wondering : </p>



<p>What happened after the Great Depression of 1929? Then <a href="http://www.karmanullify.com/what-happened-after-the-great-depression-of-1929/">Check this article</a>.</p>



<p>And now I’d like to hear from you:</p>



<p>Or maybe you have a question.</p>



<p>Either way, let me know by leaving a comment below right now.</p>
]]></content:encoded>
					
					<wfw:commentRss>http://www.karmanullify.com/the-great-depression/feed/</wfw:commentRss>
			<slash:comments>1</slash:comments>
		
		
			</item>
		<item>
		<title>Subprime Mortgage Crisis: The Multinational Financial crisis</title>
		<link>http://www.karmanullify.com/subprime-mortgage-crisis/</link>
					<comments>http://www.karmanullify.com/subprime-mortgage-crisis/#comments</comments>
		
		<dc:creator><![CDATA[Karmanullify]]></dc:creator>
		<pubDate>Sat, 06 Feb 2021 06:35:42 +0000</pubDate>
				<category><![CDATA[Financial Crisis]]></category>
		<category><![CDATA[Stock Market Crash]]></category>
		<guid isPermaLink="false">http://www.karmanullify.com/?p=2813</guid>

					<description><![CDATA[Subprime Mortgage Crisis The United States Subprime mortgage crisis was a Multinational Financial crisis that occurred between 2007 and 2010. Subprime mortgage financial crisis can be described as a sharp and unprecedented rise in home foreclosures that occurred due to the defaulting in subprime mortgage loans. This started during the fall of 2006 in the ... <a title="Subprime Mortgage Crisis: The Multinational Financial crisis" class="read-more" href="http://www.karmanullify.com/subprime-mortgage-crisis/" aria-label="More on Subprime Mortgage Crisis: The Multinational Financial crisis">Read more</a>]]></description>
										<content:encoded><![CDATA[
<h2>Subprime Mortgage Crisis</h2>



<p>The United States Subprime mortgage crisis was a Multinational <a href="http://www.karmanullify.com/stock-market-crash-of-1929/">Financial crisis</a> that occurred between 2007 and 2010.</p>



<p>Subprime mortgage financial crisis can be described as a sharp and unprecedented rise in home foreclosures that occurred due to the defaulting in subprime mortgage loans. This started during the fall of 2006 in the United States and ended up eventually becoming a global financial crisis within a year. Subprime mortgage crisis indirectly contributed to the <a href="http://www.karmanullify.com/stock-market-crash-2008/">Global financial crisis of 2008</a>.&nbsp;</p>



<p>There are many varieties of mortgage loans available in the market: &nbsp;Fixed Mortgage Loan, Adjustable rate mortgage loan or ARM, Balloon Loan and &nbsp;<strong>Subprime Loan</strong>.</p>



<p>Subprime mortgage loans are those that are offered to high credit-risk borrowers with lower income or tainted credit history. These loans are primarily adjustable-rate mortgage loans where the interest rates are low for the initial 2-3 years and are thereafter readjusted to a higher rate.</p>



<p>As a result of this, the monthly mortgage payment increases to a value that becomes difficult for the borrower to pay. Due to this, several borrowers default with their loan repayment resulting in home foreclosure. Adjustment in the interest rates occurs periodically. These adjustments occur every six months to one year.</p>



<p>The most affected by this crisis are the minority communities living in the United States including African-Americans, Latinos and Hispanics. According to a study conducted by the Wall Street, more than 20 percent of sub prime mortgage loans issued between 2005 and 2006 are being projected to end up as defaults. </p>



<p>More than 2 million borrowers with subprime loanswere facing the risk of home foreclosures and about $164 billion is lost due to foreclosures in subprime mortgage market.</p>



<p>Subprime mortgage crisis has even affected the flow of funds into and from the market. Lenders provided credit to borrowers but are unable to retrieve the amount due to loan defaults. </p>



<p>Unable to withstand this, several subprime lenders are filing bankruptcy and many others have already closed their operations. Other lenders, who are able to withstand the market crisis, are now resorting to more stringent standards and making it difficult for people to obtain loans.&nbsp;</p>



<p>The sub prime mortgage crisis and a depleting real estate market in the United States has resulted in millions of people facing the risk of losing their homes due to foreclosure.</p>



<p>With the objective of extending a helping hand to borrowers affected due to sub prime home loans, the Federal Housing Administration (FHA) has introduced new lending policies known as FHA Secure Loans.</p>



<p>Subprime mortgage loans are primarily high-interest ARM loans. The interest rates are at a bearable level during the initial 2 to 3 years. At the end of this initial low-interest period, the interest rates are adjusted according to market index. </p>



<p>Several borrowers find it difficult to make mortgage payments once the interest rates get adjusted. As a result, they end up as defaulters. FHA Secure plan is aptly suitable for such borrowers.</p>



<p>Under this plan, borrowers who default with the loan repayments can have their sub prime mortgage loans refinanced. This plan allows delinquent hybrid ARM borrowers to move into reasonable, fixed-rate mortgage loans. However, only borrowers having a creditworthy history before the interest rates were adjusted are eligible to apply for this plan.</p>



<p>This plan is highly beneficial for low and middle-income American families as it helps the families from losing their homes to foreclosure. In order to be eligible for this loan, applicants must have a good employment history and should be able to earn a monthly income sufficient enough to make the mortgage payments. </p>



<p>Another advantage of this plan is that it requires the homeowner to make very low down payment. The applicant must keep three percent of the loan value in cash or homeowner equity.</p>



<h2>Anything I Missed?</h2>



<p>And now I’d like to hear from you:</p>



<p>Or maybe you have a question.</p>



<p>Either way, let me know by leaving a comment below right now.</p>



<h5><a href="http://www.karmanullify.com/disclaimer/">Disclaimer</a></h5>
]]></content:encoded>
					
					<wfw:commentRss>http://www.karmanullify.com/subprime-mortgage-crisis/feed/</wfw:commentRss>
			<slash:comments>4</slash:comments>
		
		
			</item>
		<item>
		<title>2001 Recession: What it is and Why It Matters?</title>
		<link>http://www.karmanullify.com/2001-recession/</link>
					<comments>http://www.karmanullify.com/2001-recession/#comments</comments>
		
		<dc:creator><![CDATA[Karmanullify]]></dc:creator>
		<pubDate>Fri, 08 Jan 2021 15:19:34 +0000</pubDate>
				<category><![CDATA[Financial Crisis]]></category>
		<category><![CDATA[Stock Market Crash]]></category>
		<guid isPermaLink="false">http://www.karmanullify.com/?p=2866</guid>

					<description><![CDATA[What happened in the 2001 Recession?  As the economy headed into recession in 2001, businesses faced a classic pattern: they were producing more goods than customers demanded, causing inventories to build up. Companies then adopted painful measures to get production back in line with sales by cutting payrolls and slashing capital spending. Those austerity measures ... <a title="2001 Recession: What it is and Why It Matters?" class="read-more" href="http://www.karmanullify.com/2001-recession/" aria-label="More on 2001 Recession: What it is and Why It Matters?">Read more</a>]]></description>
										<content:encoded><![CDATA[
<h2>What happened in the 2001 Recession?&nbsp;</h2>



<p>As the economy headed into recession in 2001, businesses faced a classic pattern: they were producing more goods than customers demanded, causing inventories to build up. Companies then adopted painful measures to get production back in line with sales by cutting payrolls and slashing capital spending. </p>



<p>Those austerity measures then radiated throughout the economy, as they do in economic downturns, reinforcing any weakness that already existed. By early 2002, the economy had worked through the worst of the unwanted inventories, setting the stage for an important turning point. </p>



<p>In past cycles, with their shelves all but empty, firms typically increased production to restock their inventories, thus ushering in the first stage of renewed business investment.&nbsp; That restocking often provided a powerful boost early on in economic recoveries.</p>



<p>The second stage, renewed capital spending, typically followed soon thereafter to get the economy firing on all its pistons. In this cycle, however, something very different happened. Even as sales ticked up, companies hesitated to rebuild their inventories. </p>



<p>Corporate managers were confronted with an extraordinarily uncertain environment, including falling stock prices, sluggish corporate profits, and the possibility of war with Iraq. As a result, the inventory-to-sales ratio kept declining and fell to historic lows, arguably well beyond what could be justified by sophisticated management techniques like just-in-time inventories.</p>



<p>The Institute of Supply Management regularly asks the country’s manufacturers about their activities. The surveys confirm that manufacturing orders are being kept to the bare minimum and that inventories are not yet being rebuilt. But manufacturers are also reporting that it is getting more difficult to get supplies.</p>



<p>If that trend continues, suppliers will eventually need to boost production and increase capital spending. With continued demand – helped along by the inventory rebuild, government spending, low interest rates, and all that cash uncorked by home mortgage refinancing – manufacturing could snap back just like a rubber band. </p>



<p>A pickup in economic activity would boost corporate profits. As a result, the stock market, like the economy, could potentially perform better than many experts currently expect.</p>



<h2>Anything I Missed?</h2>



<p>So this is What happened in the 2001 Recession.</p>



<p>There you go guys, take all these points into account when entering the stock market.</p>



<p>And now I’d like to hear from you:</p>



<p>Or maybe you have a question.</p>



<p>Either way, let me know by leaving a comment below right now.</p>



<h2><a href="http://www.karmanullify.com/disclaimer/">DISCLAIMER</a></h2>
]]></content:encoded>
					
					<wfw:commentRss>http://www.karmanullify.com/2001-recession/feed/</wfw:commentRss>
			<slash:comments>1</slash:comments>
		
		
			</item>
	</channel>
</rss>
