<?xml version="1.0" encoding="UTF-8"?><rss version="2.0"
	xmlns:content="http://purl.org/rss/1.0/modules/content/"
	xmlns:dc="http://purl.org/dc/elements/1.1/"
	xmlns:atom="http://www.w3.org/2005/Atom"
	xmlns:sy="http://purl.org/rss/1.0/modules/syndication/"
	
	>
<channel>
	<title>
	Comments on: MTAR Technologies IPO  &#124; Upcoming IPOS 2021	</title>
	<atom:link href="http://www.karmanullify.com/mtar-technologies-ipo/feed/" rel="self" type="application/rss+xml" />
	<link>http://www.karmanullify.com/mtar-technologies-ipo/</link>
	<description></description>
	<lastBuildDate>Tue, 20 Dec 2022 22:12:29 +0000</lastBuildDate>
	<sy:updatePeriod>
	hourly	</sy:updatePeriod>
	<sy:updateFrequency>
	1	</sy:updateFrequency>
	<generator>https://wordpress.org/?v=6.1.1</generator>
	<item>
		<title>
		By: joseph		</title>
		<link>http://www.karmanullify.com/mtar-technologies-ipo/#comment-7121</link>

		<dc:creator><![CDATA[joseph]]></dc:creator>
		<pubDate>Tue, 20 Dec 2022 22:12:29 +0000</pubDate>
		<guid isPermaLink="false">http://www.karmanullify.com/?p=2582#comment-7121</guid>

					<description><![CDATA[Thanks  for some other informative site. Where else may just I am getting that kind of info written in such a perfect approach? I have a undertaking that I&#039;m just now working on, and I have been at the glance out for such information.]]></description>
			<content:encoded><![CDATA[<p>Thanks  for some other informative site. Where else may just I am getting that kind of info written in such a perfect approach? I have a undertaking that I&#8217;m just now working on, and I have been at the glance out for such information.</p>
]]></content:encoded>
		
			</item>
		<item>
		<title>
		By: Tomoko		</title>
		<link>http://www.karmanullify.com/mtar-technologies-ipo/#comment-2707</link>

		<dc:creator><![CDATA[Tomoko]]></dc:creator>
		<pubDate>Tue, 11 Jan 2022 04:33:14 +0000</pubDate>
		<guid isPermaLink="false">http://www.karmanullify.com/?p=2582#comment-2707</guid>

					<description><![CDATA[Hey there,  You have done a fantastic job. I&#039;ll 
certainly digg it and personally recommend to my friends.
I&#039;m sure they will be benefited from this website.]]></description>
			<content:encoded><![CDATA[<p>Hey there,  You have done a fantastic job. I&#8217;ll<br />
certainly digg it and personally recommend to my friends.<br />
I&#8217;m sure they will be benefited from this website.</p>
]]></content:encoded>
		
			</item>
		<item>
		<title>
		By: Running Sport		</title>
		<link>http://www.karmanullify.com/mtar-technologies-ipo/#comment-2206</link>

		<dc:creator><![CDATA[Running Sport]]></dc:creator>
		<pubDate>Mon, 13 Dec 2021 04:28:49 +0000</pubDate>
		<guid isPermaLink="false">http://www.karmanullify.com/?p=2582#comment-2206</guid>

					<description><![CDATA[This is a appealing article by the way. I am going to go ahead and save this article for my sister to read later on tomorrow. Keep up the superior work.]]></description>
			<content:encoded><![CDATA[<p>This is a appealing article by the way. I am going to go ahead and save this article for my sister to read later on tomorrow. Keep up the superior work.</p>
]]></content:encoded>
		
			</item>
		<item>
		<title>
		By: Antoine		</title>
		<link>http://www.karmanullify.com/mtar-technologies-ipo/#comment-2178</link>

		<dc:creator><![CDATA[Antoine]]></dc:creator>
		<pubDate>Sat, 11 Dec 2021 08:28:02 +0000</pubDate>
		<guid isPermaLink="false">http://www.karmanullify.com/?p=2582#comment-2178</guid>

					<description><![CDATA[Great post however , I was wanting to know if you could write 
a litte more on this subject? I&#039;d be very thankful if you could elaborate a little bit 
further. Cheers!]]></description>
			<content:encoded><![CDATA[<p>Great post however , I was wanting to know if you could write<br />
a litte more on this subject? I&#8217;d be very thankful if you could elaborate a little bit<br />
further. Cheers!</p>
]]></content:encoded>
		
			</item>
		<item>
		<title>
		By: Muzyczne Programy		</title>
		<link>http://www.karmanullify.com/mtar-technologies-ipo/#comment-2159</link>

		<dc:creator><![CDATA[Muzyczne Programy]]></dc:creator>
		<pubDate>Thu, 09 Dec 2021 23:02:27 +0000</pubDate>
		<guid isPermaLink="false">http://www.karmanullify.com/?p=2582#comment-2159</guid>

					<description><![CDATA[First time at your site and I really enjoyed reading it. I will come back again in the future to check out some of the other articles.]]></description>
			<content:encoded><![CDATA[<p>First time at your site and I really enjoyed reading it. I will come back again in the future to check out some of the other articles.</p>
]]></content:encoded>
		
			</item>
		<item>
		<title>
		By: Klasyczne Pianino		</title>
		<link>http://www.karmanullify.com/mtar-technologies-ipo/#comment-2155</link>

		<dc:creator><![CDATA[Klasyczne Pianino]]></dc:creator>
		<pubDate>Thu, 09 Dec 2021 13:33:00 +0000</pubDate>
		<guid isPermaLink="false">http://www.karmanullify.com/?p=2582#comment-2155</guid>

					<description><![CDATA[Beautiful and even precise in fact. I for instance the content understanding in home-page. Also the several options designed for blog and even full-width sites. Looks like this is usually a great area for young adults.]]></description>
			<content:encoded><![CDATA[<p>Beautiful and even precise in fact. I for instance the content understanding in home-page. Also the several options designed for blog and even full-width sites. Looks like this is usually a great area for young adults.</p>
]]></content:encoded>
		
			</item>
		<item>
		<title>
		By: Programy Muzyczne		</title>
		<link>http://www.karmanullify.com/mtar-technologies-ipo/#comment-2146</link>

		<dc:creator><![CDATA[Programy Muzyczne]]></dc:creator>
		<pubDate>Wed, 08 Dec 2021 20:23:39 +0000</pubDate>
		<guid isPermaLink="false">http://www.karmanullify.com/?p=2582#comment-2146</guid>

					<description><![CDATA[Just wanted to let you know that I enjoy reading your posts. Dont have much to add, cheers!]]></description>
			<content:encoded><![CDATA[<p>Just wanted to let you know that I enjoy reading your posts. Dont have much to add, cheers!</p>
]]></content:encoded>
		
			</item>
		<item>
		<title>
		By: Gitara Akordy		</title>
		<link>http://www.karmanullify.com/mtar-technologies-ipo/#comment-2142</link>

		<dc:creator><![CDATA[Gitara Akordy]]></dc:creator>
		<pubDate>Wed, 08 Dec 2021 10:43:09 +0000</pubDate>
		<guid isPermaLink="false">http://www.karmanullify.com/?p=2582#comment-2142</guid>

					<description><![CDATA[Thank you so much for this brilliant web page;this is the kind of thing that keeps me awake through the day. I have been looking around for this page after I heard about them from a buddy and was thrilled when I found it after searching for awhile. ]]></description>
			<content:encoded><![CDATA[<p>Thank you so much for this brilliant web page;this is the kind of thing that keeps me awake through the day. I have been looking around for this page after I heard about them from a buddy and was thrilled when I found it after searching for awhile. </p>
]]></content:encoded>
		
			</item>
		<item>
		<title>
		By: Pianino		</title>
		<link>http://www.karmanullify.com/mtar-technologies-ipo/#comment-2126</link>

		<dc:creator><![CDATA[Pianino]]></dc:creator>
		<pubDate>Mon, 06 Dec 2021 17:29:57 +0000</pubDate>
		<guid isPermaLink="false">http://www.karmanullify.com/?p=2582#comment-2126</guid>

					<description><![CDATA[hiya all, I was just checkin out this blog and I really love the basis of the article, and have nothing to do, so if anyone would like to to have an engrossing discussion about it, ]]></description>
			<content:encoded><![CDATA[<p>hiya all, I was just checkin out this blog and I really love the basis of the article, and have nothing to do, so if anyone would like to to have an engrossing discussion about it, </p>
]]></content:encoded>
		
			</item>
		<item>
		<title>
		By: M106 News		</title>
		<link>http://www.karmanullify.com/mtar-technologies-ipo/#comment-2123</link>

		<dc:creator><![CDATA[M106 News]]></dc:creator>
		<pubDate>Mon, 06 Dec 2021 11:42:44 +0000</pubDate>
		<guid isPermaLink="false">http://www.karmanullify.com/?p=2582#comment-2123</guid>

					<description><![CDATA[I’d must test with you here. Which isn’t something I often do! I get pleasure from studying a put up that will make people think. Additionally, thanks for permitting me to comment!]]></description>
			<content:encoded><![CDATA[<p>I’d must test with you here. Which isn’t something I often do! I get pleasure from studying a put up that will make people think. Additionally, thanks for permitting me to comment!</p>
]]></content:encoded>
		
			</item>
	</channel>
</rss>
