<?xml version="1.0" encoding="UTF-8"?><rss version="2.0"
	xmlns:content="http://purl.org/rss/1.0/modules/content/"
	xmlns:dc="http://purl.org/dc/elements/1.1/"
	xmlns:atom="http://www.w3.org/2005/Atom"
	xmlns:sy="http://purl.org/rss/1.0/modules/syndication/"
	
	>
<channel>
	<title>
	Comments on: Tom Yam Kung Crisis : The Asian financial crisis of 1997	</title>
	<atom:link href="http://www.karmanullify.com/tom-yam-kung-crisis/feed/" rel="self" type="application/rss+xml" />
	<link>http://www.karmanullify.com/tom-yam-kung-crisis/</link>
	<description></description>
	<lastBuildDate>Thu, 19 Aug 2021 01:56:19 +0000</lastBuildDate>
	<sy:updatePeriod>
	hourly	</sy:updatePeriod>
	<sy:updateFrequency>
	1	</sy:updateFrequency>
	<generator>https://wordpress.org/?v=6.1.1</generator>
</channel>
</rss>
