<?xml version="1.0" encoding="UTF-8"?><rss version="2.0"
	xmlns:content="http://purl.org/rss/1.0/modules/content/"
	xmlns:dc="http://purl.org/dc/elements/1.1/"
	xmlns:atom="http://www.w3.org/2005/Atom"
	xmlns:sy="http://purl.org/rss/1.0/modules/syndication/"
	
	>
<channel>
	<title>
	Comments on: NISM Series 6: Depository Operation Certification Examination (Updated)	</title>
	<atom:link href="http://www.karmanullify.com/nism-series-6-depository-operation-certification-examination/feed/" rel="self" type="application/rss+xml" />
	<link>http://www.karmanullify.com/nism-series-6-depository-operation-certification-examination/</link>
	<description></description>
	<lastBuildDate>Thu, 19 Aug 2021 02:05:58 +0000</lastBuildDate>
	<sy:updatePeriod>
	hourly	</sy:updatePeriod>
	<sy:updateFrequency>
	1	</sy:updateFrequency>
	<generator>https://wordpress.org/?v=6.1.1</generator>
</channel>
</rss>
