<?xml version="1.0" encoding="UTF-8"?><rss version="2.0"
	xmlns:content="http://purl.org/rss/1.0/modules/content/"
	xmlns:dc="http://purl.org/dc/elements/1.1/"
	xmlns:atom="http://www.w3.org/2005/Atom"
	xmlns:sy="http://purl.org/rss/1.0/modules/syndication/"
	
	>
<channel>
	<title>
	Comments on: NISM Certification In 2022: What It Is + How Beginners Can Get Started	</title>
	<atom:link href="http://www.karmanullify.com/nism-certifications/feed/" rel="self" type="application/rss+xml" />
	<link>http://www.karmanullify.com/nism-certifications/</link>
	<description></description>
	<lastBuildDate>Thu, 17 Nov 2022 03:15:44 +0000</lastBuildDate>
	<sy:updatePeriod>
	hourly	</sy:updatePeriod>
	<sy:updateFrequency>
	1	</sy:updateFrequency>
	<generator>https://wordpress.org/?v=6.1.1</generator>
	<item>
		<title>
		By: Karmanullify		</title>
		<link>http://www.karmanullify.com/nism-certifications/#comment-6222</link>

		<dc:creator><![CDATA[Karmanullify]]></dc:creator>
		<pubDate>Thu, 18 Nov 2021 05:36:21 +0000</pubDate>
		<guid isPermaLink="false">http://www.karmanullify.com/?p=329#comment-6222</guid>

					<description><![CDATA[In reply to &lt;a href=&quot;http://www.karmanullify.com/nism-certifications/#comment-901&quot;&gt;Dhayanithi&lt;/a&gt;.

Apply through NISM portal ]]></description>
			<content:encoded><![CDATA[<p>In reply to <a href="http://www.karmanullify.com/nism-certifications/#comment-901">Dhayanithi</a>.</p>
<p>Apply through NISM portal </p>
]]></content:encoded>
		
			</item>
		<item>
		<title>
		By: Dhayanithi		</title>
		<link>http://www.karmanullify.com/nism-certifications/#comment-901</link>

		<dc:creator><![CDATA[Dhayanithi]]></dc:creator>
		<pubDate>Tue, 21 Sep 2021 11:56:41 +0000</pubDate>
		<guid isPermaLink="false">http://www.karmanullify.com/?p=329#comment-901</guid>

					<description><![CDATA[I want to apply]]></description>
			<content:encoded><![CDATA[<p>I want to apply</p>
]]></content:encoded>
		
			</item>
	</channel>
</rss>
