<?xml version="1.0" encoding="UTF-8"?><rss version="2.0"
	xmlns:content="http://purl.org/rss/1.0/modules/content/"
	xmlns:wfw="http://wellformedweb.org/CommentAPI/"
	xmlns:dc="http://purl.org/dc/elements/1.1/"
	xmlns:atom="http://www.w3.org/2005/Atom"
	xmlns:sy="http://purl.org/rss/1.0/modules/syndication/"
	xmlns:slash="http://purl.org/rss/1.0/modules/slash/"
	>

<channel>
	<title>ponzi scheme &#8211; Karmanullify</title>
	<atom:link href="http://www.karmanullify.com/tag/ponzi-scheme/feed/" rel="self" type="application/rss+xml" />
	<link>http://www.karmanullify.com/</link>
	<description></description>
	<lastBuildDate>Thu, 19 Aug 2021 01:59:14 +0000</lastBuildDate>
	<language>en-US</language>
	<sy:updatePeriod>
	hourly	</sy:updatePeriod>
	<sy:updateFrequency>
	1	</sy:updateFrequency>
	<generator>https://wordpress.org/?v=6.1.1</generator>

<image>
	<url>http://www.karmanullify.com/wp-content/uploads/2020/08/logoz.png</url>
	<title>ponzi scheme &#8211; Karmanullify</title>
	<link>http://www.karmanullify.com/</link>
	<width>32</width>
	<height>32</height>
</image> 
	<item>
		<title>Bernie Madoff: The Largest Ponzi Scheme In Wall Street history.</title>
		<link>http://www.karmanullify.com/bernie-madoff/</link>
					<comments>http://www.karmanullify.com/bernie-madoff/#respond</comments>
		
		<dc:creator><![CDATA[Karmanullify]]></dc:creator>
		<pubDate>Wed, 31 Mar 2021 12:42:22 +0000</pubDate>
				<category><![CDATA[Financial Crisis]]></category>
		<category><![CDATA[ponzi scheme]]></category>
		<category><![CDATA[Stock Market Crash]]></category>
		<guid isPermaLink="false">http://www.karmanullify.com/?p=3164</guid>

					<description><![CDATA[Bernie Madoff Bernard Lawrence Madoff claimed that he was running a legitimate financial business when in reality he was putting together one of the greatest Ponzi schemes of all time. This scheme duped investors out of approximately $50 billion. How Madoff was able to get away with this scheme for so long?  Obviously, he was eventually ... <a title="Bernie Madoff: The Largest Ponzi Scheme In Wall Street history." class="read-more" href="http://www.karmanullify.com/bernie-madoff/" aria-label="More on Bernie Madoff: The Largest Ponzi Scheme In Wall Street history.">Read more</a>]]></description>
										<content:encoded><![CDATA[
<h2>Bernie Madoff</h2>



<p>Bernard Lawrence Madoff claimed that he was running a legitimate financial business when in reality he was putting together one of the greatest Ponzi schemes of all time.&nbsp;This scheme duped investors out of approximately <strong>$50 billion.</strong></p>



<p>How Madoff was able to get away with this scheme for so long?&nbsp; </p>



<p>Obviously, he was eventually caught in 2008.&nbsp; However, if we take his word as to how long he had been engaging in illegal activities, this means that he had been at it for about a decade and a half before he was actually caught by the proper regulatory agencies.&nbsp;</p>



<p>If we take the word of the investigators that believe he had been at it at least in part since the 1970s, there are grounds to be very worried about how the different parts of the regulatory framework of the financial system within the United States are working.&nbsp; So the question remains the same.&nbsp; How exactly was Madoff able to get away with something so dishonest for so long?</p>



<p>Well, for starters, it is important to point out something about Madoff’s company that the media likely won’t tell you very often.&nbsp; The fact of the matter is that if you go back roughly over the period of time that Madoff claims that he was engaged in illegal activities, what you are going to see is that Madoff was indeed investigated a lot by the regulatory agencies during that period of time.&nbsp; </p>



<p>One of the feeder firms for Madoff Securities LLC known as Avellino and Bienes was investigated in 1992, supposedly before Madoff began the lion’s share of his illegal activities.&nbsp; Also, the actual main firm of Madoff Securities was invested in 1999, 2000, 2004, 2005 and 2006.&nbsp; </p>



<p>In fact, when you put together all of the different investigations into the Madoff firm, what you will see right away is that at least eight different investigations into the company took place over the course of time that Madoff claims he was actually involved in the illegal activities.&nbsp; </p>



<p>The media doesn’t focus on that aspect of things because it is a lot easier to stoke anger by claiming that the authorities fell flat on their face on this one.&nbsp; It is also a lot healthier for their television ratings.</p>



<p>Another thing that is worth pointing out but which the media frequently misses is the fact that a lot of different watchdog groups were taking a closer look at Madoff’s financial empire as time led up to his eventual collapse.&nbsp; For example, there was a report released in 2007 by the Financial Industry Regulatory Authority that actually pointed out that Madoff Securities had different sections that did not seem to service any customers.&nbsp; </p>



<p>At the same point in time, there were various red flags about the way in which Madoff was doing business that did seem to alert many of the other outside agencies as to the fact that fraud of some kind might be going on in his firm.&nbsp; In fact, any way you look at it, it appears as though at any point in time, just a slightly heavier investigation into Madoff’s activities might have nipped this particular problem before it ever became the huge scandal that it currently is.</p>



<p>Of course, ‘if’ is a word that is used for hope and idealism, both of which are probably futile expenditures at this point in time.&nbsp; The fact of the matter is that while Bernie Madoff was indeed investigated, he was never investigated to the point where any of the authorities felt that they could move on him.&nbsp; </p>



<p>Because of this, the main question about the Madoff scandal remains exactly the same.&nbsp; And that question is the question of why.&nbsp;</p>



<blockquote class="wp-block-quote"><p>Why, at the end of all that was said and done, was Madoff still able to get away with extraordinary levels of fraud and abuse for such a long time before he was actually caught?</p></blockquote>



<p>Well, there are many reasons that have been forwarded in an attempt to answer this particular question.&nbsp; You can take a look at all of them and then decide which, if any, you are going to believe.</p>



<h2>Theory #1</h2>



<p>One reason that has been put forward regarding the Madoff scandal being so successful for so long is that a lot of people did not really want to mess with Bernie Madoff.&nbsp; Keep in mind the history of the man that was discussed at the start of this article.&nbsp; </p>



<p>The fact of the matter is that if you take the last 15 or so years out of his career, he had a very distinguished one.&nbsp; Being the developer and head of NASDAQ is something that Madoff will always be able to hold up as his greatest achievement.&nbsp; </p>



<p>No matter how the current population thinks in regards to his reputation, history will definitely remember him as a mixed figure capable of extraordinary good and mind-blowing evil.&nbsp; He was a financial giant even before he started the illegal activities and there are some that have suggested that this caused a lot of the investigative agencies responsible for policing the financial markets to go easy on him.&nbsp;</p>



<p>Since Madoff was undoubtedly a financial genius, this would have made it a lot easier for him to evade detection if it is indeed something that is true.</p>



<p></p>



<h2>Theory #2</h2>



<p>Another theory that has been put forth is that Madoff was just that good.&nbsp; This is one of the theories that is not very popular, but there are enough people that still have a high enough opinion of Madoff that the theory does get some play whenever people argue back and forth about what this man was or was not able to do.&nbsp; </p>



<p>Essentially, there are some that believe that Madoff was such a high level financial genius that he really had the ability to understand implicitly what investigators would do and therefore plan accordingly.&nbsp;</p>



<p>There are falsified <a href="http://www.karmanullify.com/standalone-vs-consolidated/">financial statements</a> from the firm to back this theory up, but the general consensus within the industry is that it would have taken a lot more than that in order to pull the wool over the eyes of both investigators and investors for such a long period of time.</p>



<p></p>



<h2>Theory #3</h2>



<p>Another thing that people point is relationship that Madoff’s family had with Washington.&nbsp; There were multiple instances over the course of time when legislation that would have helped Madoff maintain his veil of secrecy over the operations of his firm was passed.&nbsp; </p>



<p>He definitely had a lot of beneficial non-regulation thrown his way.&nbsp; Whether that was because of his family’s relationship to Washington or just coincidental is another point of debate for many people.</p>



<p>Madoff was also able to get quite a few people to vouch for his operations.&nbsp; There were many clients that he had that were willing to sing to the sky in terms of praising his excellence.&nbsp; </p>



<p>Many large clients like Union Bancaire Privee and Fairfield Greenwich Group claimed that after taking a close look at his business practices, they did not see anything unusual with the way in which he did his business.&nbsp; </p>



<p>So if clients with their own direct monetary interest at stake could not find anything wrong with him, many people wonder how the regulatory agencies could have done better.</p>



<p>Speaking of large clients, Madoff dealt a lot with them.&nbsp; Rather than dealing with a huge number of smaller clients and promising huge returns to those clients, Madoff instead chose to deal with a smaller number of clients that collectively had a larger amount of money.&nbsp;</p>



<p>By promising modest rather than overwhelming returns to that smaller number of larger clients, Madoff was able to run his Ponzi scheme with a slightly higher health level since the percentage gain that he was required to pay out to each successive person was a bit smaller.&nbsp; This allowed him to prolong the life of the Ponzi scheme to the ridiculous proportions that have already been discussed earlier in this article on the Madoff scandal.</p>



<h2>Theory #4</h2>



<p>One final reason that has been suggested by some regarding the lengthy success of the Madoff Ponzi scheme was his investment in charities.&nbsp; There were many different charities that Madoff had been involved with over the course of time.&nbsp; </p>



<p>These types of investments are not policed as heavily as some of the others and for that reason there were many that felt that Madoff really did not have that much luck so much as he had the foresight to invest in places that he knew the authorities were not looking.&nbsp; It is certainly an interesting theory and one that will be debated for a long time just like the other reasons mentioned above.</p>



<p>In the end, these are some of the reasons that have been proposed by people as to why the Madoff scandal scheme was able to work for as long as it did.&nbsp;</p>



<p></p>
]]></content:encoded>
					
					<wfw:commentRss>http://www.karmanullify.com/bernie-madoff/feed/</wfw:commentRss>
			<slash:comments>0</slash:comments>
		
		
			</item>
		<item>
		<title>Robert Allen Stanford: The Forgotten Fraudster</title>
		<link>http://www.karmanullify.com/robert-allen-stanfords-ponzi-scheme/</link>
					<comments>http://www.karmanullify.com/robert-allen-stanfords-ponzi-scheme/#respond</comments>
		
		<dc:creator><![CDATA[Karmanullify]]></dc:creator>
		<pubDate>Wed, 31 Mar 2021 11:59:37 +0000</pubDate>
				<category><![CDATA[Misc]]></category>
		<category><![CDATA[ponzi scheme]]></category>
		<guid isPermaLink="false">http://www.karmanullify.com/?p=3162</guid>

					<description><![CDATA[R. Allen Stanford’s Ponzi Scheme Does it seem like the case of Robert Allen Stanford was absent from news coverage? It seems that way to me. I mean, he’s no Bernard Madoff, but he ripped off investors for $8 Billion. Robert Allen Stanford is no less a fraudster than Bernie Madoff or anyone else. Though ... <a title="Robert Allen Stanford: The Forgotten Fraudster" class="read-more" href="http://www.karmanullify.com/robert-allen-stanfords-ponzi-scheme/" aria-label="More on Robert Allen Stanford: The Forgotten Fraudster">Read more</a>]]></description>
										<content:encoded><![CDATA[
<h2>R. Allen Stanford&#8217;s Ponzi Scheme</h2>



<p>Does it seem like the case of Robert Allen Stanford was absent from news coverage? It seems that way to me. I mean, he’s no <a href="http://www.karmanullify.com/bernie-madoff/">Bernard Madoff</a>, but he ripped off investors for $8 Billion. </p>



<p>Robert Allen Stanford  is no less a fraudster than Bernie Madoff or anyone else. Though his particular <a href="http://www.karmanullify.com/avoid-dividend-funds/">Ponzi pilfered funds</a> through bogus certificate of deposit instruments as opposed to fictitious securities trades, Stanford was quite masterful for a time in eluding suspicion about his investment activities.</p>



<p>The typical modus operandi of most fraudsters is to project an image of greatness which is promulgated by their “pillar of the community” image visa vie involvement in non profit activities, significant donations to charity, and the perpetuation of the “good” their doing in their community and the world. Truth is, most of these guys are narcissists.</p>



<p>In 2007 Stanford was listed as the 239th richest American. He’s allegedly a distant relative of the founder of Stanford University. The guy has been knighted and carry’s a “Sir” title in front of his name.</p>



<p>Seriously though, his fraud was real. It was costly, and it hurt a lot of unsuspecting investors. Specifically his fraud circled around certificate of deposits which offered significant returns, far above most conventional CD instruments, and were not insured by the FDIC. He channeled these fraudulent CD’s through his banking operations in Antigua. The bill for is damage tops $8 Billion.</p>



<p>In addition to his fraudulent certificates of deposit, there have been allegations that Stanford’s bank and capital management business laundered money for less-than-legal “export” company’s largely based in South America. If that is indeed accurate then Stanford has way more than the SEC to worry about.</p>



<p>My question is, how did no one get to this guy, or Madoff, or anyone of these other fraudsters sooner? As in the case with Madoff there were allegations made previously about Stanford dubious activities. </p>



<p>There were lawsuits filed which alleged that his operations were indeed a “ponzi” scheme, way before the term became a regular part of our vernacular when talking about the economy. As far back as 2003 Stanford was even accused of bribing to Antiguan Ministry officials with over $400,000.</p>



<h2>Anything I Missed?</h2>



<p>And now I’d like to hear from you:</p>



<p>Do you believe you could be fooled by an<a href="http://www.karmanullify.com/does-the-stock-market-favor-the-rich/"> investment scheme </a>like Stanford’s? Do you think his case didn&#8217;t received the proper coverage in the mainstream media?</p>



<p>Or maybe you have a question.</p>



<p>Either way, let me know by leaving a comment below right now.</p>



<h2><a href="http://www.karmanullify.com/disclaimer/">Disclaimer</a></h2>



<p></p>
]]></content:encoded>
					
					<wfw:commentRss>http://www.karmanullify.com/robert-allen-stanfords-ponzi-scheme/feed/</wfw:commentRss>
			<slash:comments>0</slash:comments>
		
		
			</item>
	</channel>
</rss>
