<?xml version="1.0" encoding="UTF-8"?><rss version="2.0"
	xmlns:content="http://purl.org/rss/1.0/modules/content/"
	xmlns:dc="http://purl.org/dc/elements/1.1/"
	xmlns:atom="http://www.w3.org/2005/Atom"
	xmlns:sy="http://purl.org/rss/1.0/modules/syndication/"
	
	>
<channel>
	<title>
	Comments on: IIFL Securities Review in 2021 (Latest)	</title>
	<atom:link href="http://www.karmanullify.com/iifl-securities/feed/" rel="self" type="application/rss+xml" />
	<link>http://www.karmanullify.com/iifl-securities/</link>
	<description></description>
	<lastBuildDate>Sat, 27 Feb 2021 04:15:39 +0000</lastBuildDate>
	<sy:updatePeriod>
	hourly	</sy:updatePeriod>
	<sy:updateFrequency>
	1	</sy:updateFrequency>
	<generator>https://wordpress.org/?v=6.1.1</generator>
</channel>
</rss>
