<?xml version="1.0" encoding="UTF-8"?><rss version="2.0"
	xmlns:content="http://purl.org/rss/1.0/modules/content/"
	xmlns:dc="http://purl.org/dc/elements/1.1/"
	xmlns:atom="http://www.w3.org/2005/Atom"
	xmlns:sy="http://purl.org/rss/1.0/modules/syndication/"
	
	>
<channel>
	<title>
	Comments for Karmanullify	</title>
	<atom:link href="http://www.karmanullify.com/comments/feed/" rel="self" type="application/rss+xml" />
	<link>http://www.karmanullify.com/</link>
	<description></description>
	<lastBuildDate>Tue, 20 Dec 2022 22:12:29 +0000</lastBuildDate>
	<sy:updatePeriod>
	hourly	</sy:updatePeriod>
	<sy:updateFrequency>
	1	</sy:updateFrequency>
	<generator>https://wordpress.org/?v=6.1.1</generator>
	<item>
		<title>
		Comment on MTAR Technologies IPO  &#124; Upcoming IPOS 2021 by joseph		</title>
		<link>http://www.karmanullify.com/mtar-technologies-ipo/#comment-7121</link>

		<dc:creator><![CDATA[joseph]]></dc:creator>
		<pubDate>Tue, 20 Dec 2022 22:12:29 +0000</pubDate>
		<guid isPermaLink="false">http://www.karmanullify.com/?p=2582#comment-7121</guid>

					<description><![CDATA[Thanks  for some other informative site. Where else may just I am getting that kind of info written in such a perfect approach? I have a undertaking that I&#039;m just now working on, and I have been at the glance out for such information.]]></description>
			<content:encoded><![CDATA[<p>Thanks  for some other informative site. Where else may just I am getting that kind of info written in such a perfect approach? I have a undertaking that I&#8217;m just now working on, and I have been at the glance out for such information.</p>
]]></content:encoded>
		
			</item>
		<item>
		<title>
		Comment on NISM Mock Test For Mutual Fund &#8211; Part 10 &#124; NISM V A 2022 by Jatin		</title>
		<link>http://www.karmanullify.com/nism-mock-test-for-mutual-fund-part-10/#comment-7120</link>

		<dc:creator><![CDATA[Jatin]]></dc:creator>
		<pubDate>Tue, 20 Dec 2022 21:37:00 +0000</pubDate>
		<guid isPermaLink="false">http://www.karmanullify.com/?p=886#comment-7120</guid>

					<description><![CDATA[Pretty nice post. ]]></description>
			<content:encoded><![CDATA[<p>Pretty nice post. </p>
]]></content:encoded>
		
			</item>
		<item>
		<title>
		Comment on NISM Mock Test For Mutual Fund &#8211; Part 10 &#124; NISM V A 2022 by Ritesh		</title>
		<link>http://www.karmanullify.com/nism-mock-test-for-mutual-fund-part-10/#comment-7085</link>

		<dc:creator><![CDATA[Ritesh]]></dc:creator>
		<pubDate>Mon, 19 Dec 2022 07:43:10 +0000</pubDate>
		<guid isPermaLink="false">http://www.karmanullify.com/?p=886#comment-7085</guid>

					<description><![CDATA[I have been browsing online more than 4 hours today, 
yet I never found any interesting tests like 
yours. It&#039;s pretty worth enough for me. Personally, if 
all site owners and bloggers made good content as you did, the internet will 
be much more useful than ever before.]]></description>
			<content:encoded><![CDATA[<p>I have been browsing online more than 4 hours today,<br />
yet I never found any interesting tests like<br />
yours. It&#8217;s pretty worth enough for me. Personally, if<br />
all site owners and bloggers made good content as you did, the internet will<br />
be much more useful than ever before.</p>
]]></content:encoded>
		
			</item>
		<item>
		<title>
		Comment on Subprime Mortgage Crisis: The Multinational Financial crisis by Tony Diamond		</title>
		<link>http://www.karmanullify.com/subprime-mortgage-crisis/#comment-6988</link>

		<dc:creator><![CDATA[Tony Diamond]]></dc:creator>
		<pubDate>Tue, 13 Dec 2022 22:46:59 +0000</pubDate>
		<guid isPermaLink="false">http://www.karmanullify.com/?p=2813#comment-6988</guid>

					<description><![CDATA[Thank you for writing about this topic. It helped me a lot and I hope it can help others too.]]></description>
			<content:encoded><![CDATA[<p>Thank you for writing about this topic. It helped me a lot and I hope it can help others too.</p>
]]></content:encoded>
		
			</item>
		<item>
		<title>
		Comment on Subprime Mortgage Crisis: The Multinational Financial crisis by Kimberlie Beiswenger		</title>
		<link>http://www.karmanullify.com/subprime-mortgage-crisis/#comment-6933</link>

		<dc:creator><![CDATA[Kimberlie Beiswenger]]></dc:creator>
		<pubDate>Mon, 12 Dec 2022 00:05:43 +0000</pubDate>
		<guid isPermaLink="false">http://www.karmanullify.com/?p=2813#comment-6933</guid>

					<description><![CDATA[I&#039;ve to say you&#039;ve been really helpful to me. Thank you!]]></description>
			<content:encoded><![CDATA[<p>I&#8217;ve to say you&#8217;ve been really helpful to me. Thank you!</p>
]]></content:encoded>
		
			</item>
		<item>
		<title>
		Comment on Subprime Mortgage Crisis: The Multinational Financial crisis by Tabitha Zubrzycki		</title>
		<link>http://www.karmanullify.com/subprime-mortgage-crisis/#comment-6932</link>

		<dc:creator><![CDATA[Tabitha Zubrzycki]]></dc:creator>
		<pubDate>Mon, 12 Dec 2022 00:01:13 +0000</pubDate>
		<guid isPermaLink="false">http://www.karmanullify.com/?p=2813#comment-6932</guid>

					<description><![CDATA[Thanks for posting. I really enjoyed reading it, especially because it addressed my problem. It helped me a lot and I hope it will help others too.]]></description>
			<content:encoded><![CDATA[<p>Thanks for posting. I really enjoyed reading it, especially because it addressed my problem. It helped me a lot and I hope it will help others too.</p>
]]></content:encoded>
		
			</item>
		<item>
		<title>
		Comment on NISM Study Material by sanjeev johari		</title>
		<link>http://www.karmanullify.com/nism-study-material/#comment-6380</link>

		<dc:creator><![CDATA[sanjeev johari]]></dc:creator>
		<pubDate>Sat, 26 Nov 2022 19:12:14 +0000</pubDate>
		<guid isPermaLink="false">http://www.karmanullify.com/wp-content/uploads/2021/01/NISM-Study-Material.webp#comment-6380</guid>

					<description><![CDATA[Pls. send me the study material for Series iii- a exam]]></description>
			<content:encoded><![CDATA[<p>Pls. send me the study material for Series iii- a exam</p>
]]></content:encoded>
		
			</item>
		<item>
		<title>
		Comment on Intraday Trading Rules You Should Never Break by oruvopid		</title>
		<link>http://www.karmanullify.com/intraday-trading-rules/#comment-5365</link>

		<dc:creator><![CDATA[oruvopid]]></dc:creator>
		<pubDate>Mon, 29 Aug 2022 03:13:16 +0000</pubDate>
		<guid isPermaLink="false">http://www.karmanullify.com/?p=2786#comment-5365</guid>

					<description><![CDATA[Awesome ]]></description>
			<content:encoded><![CDATA[<p>Awesome </p>
]]></content:encoded>
		
			</item>
		<item>
		<title>
		Comment on Doji Star: What it is and Why It Matters? by jatin		</title>
		<link>http://www.karmanullify.com/doji-star/#comment-4059</link>

		<dc:creator><![CDATA[jatin]]></dc:creator>
		<pubDate>Fri, 22 Apr 2022 14:21:21 +0000</pubDate>
		<guid isPermaLink="false">http://www.karmanullify.com/?p=3062#comment-4059</guid>

					<description><![CDATA[I like the helpful information you provide in your articles. I will bookmark your weblog and check again here regularly. I am quite certain I will learn lots of new stuff right here! Best of luck for the next!]]></description>
			<content:encoded><![CDATA[<p>I like the helpful information you provide in your articles. I will bookmark your weblog and check again here regularly. I am quite certain I will learn lots of new stuff right here! Best of luck for the next!</p>
]]></content:encoded>
		
			</item>
		<item>
		<title>
		Comment on Discount brokers Vs Full service brokers: Which One Should You Pick? by chadwick		</title>
		<link>http://www.karmanullify.com/discount-brokers-vs-full-service-brokers/#comment-4043</link>

		<dc:creator><![CDATA[chadwick]]></dc:creator>
		<pubDate>Thu, 21 Apr 2022 04:45:24 +0000</pubDate>
		<guid isPermaLink="false">http://www.karmanullify.com/?p=1639#comment-4043</guid>

					<description><![CDATA[Fantastic beat ! I would like to apprentice while you amend your web site, how could i subscribe for a blog web site? The account helped me a acceptable deal. I had been a little bit acquainted of this your broadcast offered bright clear idea]]></description>
			<content:encoded><![CDATA[<p>Fantastic beat ! I would like to apprentice while you amend your web site, how could i subscribe for a blog web site? The account helped me a acceptable deal. I had been a little bit acquainted of this your broadcast offered bright clear idea</p>
]]></content:encoded>
		
			</item>
	</channel>
</rss>
