<?xml version="1.0" encoding="UTF-8"?><rss version="2.0"
	xmlns:content="http://purl.org/rss/1.0/modules/content/"
	xmlns:dc="http://purl.org/dc/elements/1.1/"
	xmlns:atom="http://www.w3.org/2005/Atom"
	xmlns:sy="http://purl.org/rss/1.0/modules/syndication/"
	
	>
<channel>
	<title>
	Comments on: Doji Star: What it is and Why It Matters?	</title>
	<atom:link href="http://www.karmanullify.com/doji-star/feed/" rel="self" type="application/rss+xml" />
	<link>http://www.karmanullify.com/doji-star/</link>
	<description></description>
	<lastBuildDate>Fri, 22 Apr 2022 14:21:21 +0000</lastBuildDate>
	<sy:updatePeriod>
	hourly	</sy:updatePeriod>
	<sy:updateFrequency>
	1	</sy:updateFrequency>
	<generator>https://wordpress.org/?v=6.1.1</generator>
	<item>
		<title>
		By: jatin		</title>
		<link>http://www.karmanullify.com/doji-star/#comment-4059</link>

		<dc:creator><![CDATA[jatin]]></dc:creator>
		<pubDate>Fri, 22 Apr 2022 14:21:21 +0000</pubDate>
		<guid isPermaLink="false">http://www.karmanullify.com/?p=3062#comment-4059</guid>

					<description><![CDATA[I like the helpful information you provide in your articles. I will bookmark your weblog and check again here regularly. I am quite certain I will learn lots of new stuff right here! Best of luck for the next!]]></description>
			<content:encoded><![CDATA[<p>I like the helpful information you provide in your articles. I will bookmark your weblog and check again here regularly. I am quite certain I will learn lots of new stuff right here! Best of luck for the next!</p>
]]></content:encoded>
		
			</item>
	</channel>
</rss>
