<?xml version="1.0" encoding="UTF-8"?><rss version="2.0"
	xmlns:content="http://purl.org/rss/1.0/modules/content/"
	xmlns:dc="http://purl.org/dc/elements/1.1/"
	xmlns:atom="http://www.w3.org/2005/Atom"
	xmlns:sy="http://purl.org/rss/1.0/modules/syndication/"
	
	>
<channel>
	<title>
	Comments on: Cheap Stock Broker: Everything You Need To Know	</title>
	<atom:link href="http://www.karmanullify.com/cheap-stock-broker/feed/" rel="self" type="application/rss+xml" />
	<link>http://www.karmanullify.com/cheap-stock-broker/</link>
	<description></description>
	<lastBuildDate>Wed, 14 Apr 2021 05:43:45 +0000</lastBuildDate>
	<sy:updatePeriod>
	hourly	</sy:updatePeriod>
	<sy:updateFrequency>
	1	</sy:updateFrequency>
	<generator>https://wordpress.org/?v=6.1.1</generator>
</channel>
</rss>
