<?xml version="1.0" encoding="UTF-8"?><rss version="2.0"
	xmlns:content="http://purl.org/rss/1.0/modules/content/"
	xmlns:dc="http://purl.org/dc/elements/1.1/"
	xmlns:atom="http://www.w3.org/2005/Atom"
	xmlns:sy="http://purl.org/rss/1.0/modules/syndication/"
	
	>
<channel>
	<title>
	Comments on: Wall Street Crash of 1929: Everything You Need To Know	</title>
	<atom:link href="http://www.karmanullify.com/stock-market-crash-of-1929/feed/" rel="self" type="application/rss+xml" />
	<link>http://www.karmanullify.com/stock-market-crash-of-1929/</link>
	<description></description>
	<lastBuildDate>Mon, 17 Jan 2022 03:39:30 +0000</lastBuildDate>
	<sy:updatePeriod>
	hourly	</sy:updatePeriod>
	<sy:updateFrequency>
	1	</sy:updateFrequency>
	<generator>https://wordpress.org/?v=6.1.1</generator>
	<item>
		<title>
		By: Ryuke Shido		</title>
		<link>http://www.karmanullify.com/stock-market-crash-of-1929/#comment-2813</link>

		<dc:creator><![CDATA[Ryuke Shido]]></dc:creator>
		<pubDate>Mon, 17 Jan 2022 03:39:30 +0000</pubDate>
		<guid isPermaLink="false">http://www.karmanullify.com/?p=2806#comment-2813</guid>

					<description><![CDATA[I do love the way you have presented this particular challenge plus it really does offer me personally some fodder for thought. Thank you for this superb piece and though I can not concur with this in totality, I regard your perspective.]]></description>
			<content:encoded><![CDATA[<p>I do love the way you have presented this particular challenge plus it really does offer me personally some fodder for thought. Thank you for this superb piece and though I can not concur with this in totality, I regard your perspective.</p>
]]></content:encoded>
		
			</item>
		<item>
		<title>
		By: John		</title>
		<link>http://www.karmanullify.com/stock-market-crash-of-1929/#comment-2758</link>

		<dc:creator><![CDATA[John]]></dc:creator>
		<pubDate>Fri, 14 Jan 2022 08:35:36 +0000</pubDate>
		<guid isPermaLink="false">http://www.karmanullify.com/?p=2806#comment-2758</guid>

					<description><![CDATA[I&#039;ve learned some new things from your post. One more thing to I have observed is that generally, crash happen due to prolonged bull market.]]></description>
			<content:encoded><![CDATA[<p>I&#8217;ve learned some new things from your post. One more thing to I have observed is that generally, crash happen due to prolonged bull market.</p>
]]></content:encoded>
		
			</item>
		<item>
		<title>
		By: Jadhav		</title>
		<link>http://www.karmanullify.com/stock-market-crash-of-1929/#comment-17</link>

		<dc:creator><![CDATA[Jadhav]]></dc:creator>
		<pubDate>Sun, 07 Mar 2021 18:31:02 +0000</pubDate>
		<guid isPermaLink="false">http://www.karmanullify.com/?p=2806#comment-17</guid>

					<description><![CDATA[What is GME?]]></description>
			<content:encoded><![CDATA[<p>What is GME?</p>
]]></content:encoded>
		
			</item>
	</channel>
</rss>
