<?xml version="1.0" encoding="UTF-8"?><rss version="2.0"
	xmlns:content="http://purl.org/rss/1.0/modules/content/"
	xmlns:wfw="http://wellformedweb.org/CommentAPI/"
	xmlns:dc="http://purl.org/dc/elements/1.1/"
	xmlns:atom="http://www.w3.org/2005/Atom"
	xmlns:sy="http://purl.org/rss/1.0/modules/syndication/"
	xmlns:slash="http://purl.org/rss/1.0/modules/slash/"
	>

<channel>
	<title>Financial Crisis &#8211; Karmanullify</title>
	<atom:link href="http://www.karmanullify.com/category/stock-market-crash/feed/" rel="self" type="application/rss+xml" />
	<link>http://www.karmanullify.com/</link>
	<description></description>
	<lastBuildDate>Tue, 26 Jul 2022 14:13:39 +0000</lastBuildDate>
	<language>en-US</language>
	<sy:updatePeriod>
	hourly	</sy:updatePeriod>
	<sy:updateFrequency>
	1	</sy:updateFrequency>
	<generator>https://wordpress.org/?v=6.1.1</generator>

<image>
	<url>http://www.karmanullify.com/wp-content/uploads/2020/08/logoz.png</url>
	<title>Financial Crisis &#8211; Karmanullify</title>
	<link>http://www.karmanullify.com/</link>
	<width>32</width>
	<height>32</height>
</image> 
	<item>
		<title>What happened after the Great Depression of 1929?</title>
		<link>http://www.karmanullify.com/what-happened-after-the-great-depression-of-1929/</link>
					<comments>http://www.karmanullify.com/what-happened-after-the-great-depression-of-1929/#comments</comments>
		
		<dc:creator><![CDATA[Karmanullify]]></dc:creator>
		<pubDate>Fri, 06 May 2022 17:55:00 +0000</pubDate>
				<category><![CDATA[Financial Crisis]]></category>
		<guid isPermaLink="false">http://www.karmanullify.com/?p=2868</guid>

					<description><![CDATA[What happened after the Great Depression of 1929? After the Great Depression of 1929, stocks spiraled downward for the next three years, losing a crushing 85 percent of their value. By that point, many investors abandoned the stock market altogether. But some stock strategists did recognize that stocks were ready for a rebound. Stock prices had ... <a title="What happened after the Great Depression of 1929?" class="read-more" href="http://www.karmanullify.com/what-happened-after-the-great-depression-of-1929/" aria-label="More on What happened after the Great Depression of 1929?">Read more</a>]]></description>
										<content:encoded><![CDATA[
<h2>What happened after the Great Depression of 1929?</h2>



<p>After the <a href="http://www.karmanullify.com/the-great-depression/">Great Depression </a>of 1929, stocks spiraled downward for the next three years, losing a crushing 85 percent of their value.</p>



<p>By that point, many investors abandoned the stock market altogether. But some <a href="http://www.karmanullify.com/investment-strategies-during-global-recession/">stock strategists</a> did recognize that stocks were ready for a rebound.&nbsp;Stock prices had been battered by a raft of uncertainties but that those bargains would disappear once the uncertainties were gone.</p>



<p>Stocks hit bottom the following summer and then went up 100 percent the next year.</p>



<p>Today’s generation of investors have now witnessed a decline in stocks that has been as tough as any bear market of the past century. In this downturn, stocks hit a major low in October 2002. By that time, this bear market was into its third year, had erased five years of market gains, and had dropped nearly 50 percent. The markets have not fallen into a bottomless pit, however.</p>



<p>Time and again over the past years, stocks set out on promising rallies only to be driven back down.</p>



<h2>Troubling news seemed to come from every direction:</h2>



<ul><li>the economic recovery hit a wall,</li><li>corporate earnings stayed in a hole,</li><li>oil prices spiked, and</li><li>the headlines were filled with new accounting shenanigans and corporate greed.</li><li>Looming over it all, terrorism continued to be a threat and the country readied for potential war.</li></ul>



<p>As if the news were not already bad enough, the stock market also had the calendar working against it.</p>



<p>Historically, September has the dubious distinction of being the only month when, on average, the <a href="http://www.karmanullify.com/stock-market-crash-2008/">market goes down</a>.</p>



<h2>The New era after the Great Depression of 1929</h2>



<p>Speculative bubbles and their associated new era thinking do not end definitively with a sudden, final crash. People today remember<a href="http://www.karmanullify.com/the-great-depression/"> the Great Depression of 1929</a> as occurring in one or two days. In fact, after that crash, the market recovered almost all of its lost ground by early 1930.</p>



<p>Ends of new eras seem to be periods when the national focus of debate changes and can no longer be upbeat. </p>



<p>Notable among these are<a href="http://www.karmanullify.com/subprime-mortgage-crisis/"> financial crises</a>, such as banking or exchange rate crises. These financial crisis stories illustrate the complicated factors that sometimes capture the attention of economic and financial analysts.</p>



<p>Discussions may focus on these factors and pull attention away from the large changes in public opinion that are reflected in speculative prices.</p>



<p>After the fact, it is known that the run-up in the stock market from 1920 to 1929 was a colossal mistake and that the drop from 1929 to 1932 was another colossal mistake. Virtually nothing actually happened over either of these intervals to the dividend present value.</p>



<h2>Anything I Missed?</h2>



<p>So this is What happened after the Great Depression of 1929</p>



<p>There you go guys, take all these points into account when entering the stock market.</p>



<p>And now I’d like to hear from you:</p>



<p>Or maybe you have a question.</p>



<p>Either way, let me know by leaving a comment below right now.</p>



<h2><a href="http://www.karmanullify.com/disclaimer/">Disclaimer</a></h2>
]]></content:encoded>
					
					<wfw:commentRss>http://www.karmanullify.com/what-happened-after-the-great-depression-of-1929/feed/</wfw:commentRss>
			<slash:comments>1</slash:comments>
		
		
			</item>
		<item>
		<title>Wall Street Crash of 1929: Everything You Need To Know</title>
		<link>http://www.karmanullify.com/stock-market-crash-of-1929/</link>
					<comments>http://www.karmanullify.com/stock-market-crash-of-1929/#comments</comments>
		
		<dc:creator><![CDATA[Karmanullify]]></dc:creator>
		<pubDate>Tue, 06 Apr 2021 03:58:49 +0000</pubDate>
				<category><![CDATA[Financial Crisis]]></category>
		<category><![CDATA[Stock Market Crash]]></category>
		<guid isPermaLink="false">http://www.karmanullify.com/?p=2806</guid>

					<description><![CDATA[Wall Street Crash of 1929 Trading stocks and shares on the stock market can be seen as a quick and easy way to make money. However this isn’t always the case, historically stock market crashes have occurred throughout 20th Century history. A stock market crash is a sudden decline in stock prices across a large ... <a title="Wall Street Crash of 1929: Everything You Need To Know" class="read-more" href="http://www.karmanullify.com/stock-market-crash-of-1929/" aria-label="More on Wall Street Crash of 1929: Everything You Need To Know">Read more</a>]]></description>
										<content:encoded><![CDATA[
<h2>Wall Street Crash of 1929</h2>



<p>Trading stocks and shares on the stock market can be seen as a quick and easy way to make money. However this isn’t always the case, historically stock market crashes have occurred throughout 20th Century history. </p>



<p>A stock market crash is a sudden decline in stock prices across a large section of the stock market. A stock market crash generally occurs after a period of panic selling. Generally in periods of high economic optimism, stock prices can become higher than their true value, if this optimism fades, market participants become likely to sell stocks at a lower value. </p>



<p>As stock values decrease, panic sales can set in, causing the stock market to crash. The&nbsp;stock market crash of 1929, also known as the <strong>Wall Street Crash 1929</strong> or <a href="http://www.karmanullify.com/the-great-depression/">The Great Depression</a> was one of the largest stock market crash in the history of the United States. </p>



<p>After a decade of huge prosperity and predictions of permanently high share values, a decline in real estate prices culminated in the Stock Market showing signs of instability in the summer of 1929.</p>



<p>The stock market had risen to a record high in September 1929 due to public investors being infatuated with rising prices (and profits) and thus ploughing huge amounts of money into stocks. Investment trusts (those who bought stocks and shares on behalf of their members) were becoming more and more widely used also. </p>



<p>Due to how lucrative buying and selling shares appeared, investors were routinely borrowing more than two thirds of the face value of stocks they were buying. When the stock market began to show signs of instability, those who had borrowed began to fear they wouldn’t get back what they had paid and began to panic sell.</p>



<h2>Black Tuesday</h2>



<p>On Tuesday October 29, 1929, or “Black Tuesday” as it is more commonly known, stock prices plummeted and continued to do so for a month afterwards. The Dow Jones Industrial Average (an indicator of stock prices based on US stocks of 30 large industrial companies) fell 38 points to 260. </p>



<p>This was a 12.8% drop in one day as panic selling kicked off. Over the course of Tuesday and Wednesday, the Dow Jones Industrial Average dropped 23% in total, and dropped 40% by the week of November 11th from the September high.</p>



<p>The Stock Market crash of 1929 was the major event that lead to the Great Depression, a severe economic depression, that spread through developed countries globally and lasted for over 10 years. </p>



<p>Effects of the Great Depression were suffered worldwide. In the USA unemployment rose to 25%, while it exceeded 30% in other developed countries. Personal income, tax revenue, profit, and international trade dropped by over half of their previous value.</p>



<h2>Black Monday</h2>



<p>The Stock Market crash of 1929 wasn’t the only market crash in the 20th century though. The Dow Jones Industrial Average dropped 22.6% on “Black Monday” in the Stock Market Crash of 1987, the greatest single day loss in history. </p>



<p>The <a href="http://www.karmanullify.com/stock-market-crash-2008/">stock market crash of 2008</a> wasn’t far behind, either, with a 21% drop in a week, 7% less than 1987. That said, no single stock market crash has ever had such devastating effects as 1929 as yet.</p>



<h2>Disclaimer: </h2>



<p>Investment in securities market are subject to market risks, read all the related documents carefully before investing. Please read the Risk Disclosure documents carefully before investing in Equity Shares, Derivatives, Mutual fund, and/or other instruments traded on the Stock Exchanges. </p>



<p>As investments are subject to market risks and price fluctuation risk, there is no assurance or guarantee that the investment objectives shall be achieved. Past performance of securities/instruments is not indicative of their future performance. This post is only for Educational purpose.</p>



<p></p>
]]></content:encoded>
					
					<wfw:commentRss>http://www.karmanullify.com/stock-market-crash-of-1929/feed/</wfw:commentRss>
			<slash:comments>3</slash:comments>
		
		
			</item>
		<item>
		<title>Bernie Madoff: The Largest Ponzi Scheme In Wall Street history.</title>
		<link>http://www.karmanullify.com/bernie-madoff/</link>
					<comments>http://www.karmanullify.com/bernie-madoff/#respond</comments>
		
		<dc:creator><![CDATA[Karmanullify]]></dc:creator>
		<pubDate>Wed, 31 Mar 2021 12:42:22 +0000</pubDate>
				<category><![CDATA[Financial Crisis]]></category>
		<category><![CDATA[ponzi scheme]]></category>
		<category><![CDATA[Stock Market Crash]]></category>
		<guid isPermaLink="false">http://www.karmanullify.com/?p=3164</guid>

					<description><![CDATA[Bernie Madoff Bernard Lawrence Madoff claimed that he was running a legitimate financial business when in reality he was putting together one of the greatest Ponzi schemes of all time. This scheme duped investors out of approximately $50 billion. How Madoff was able to get away with this scheme for so long?  Obviously, he was eventually ... <a title="Bernie Madoff: The Largest Ponzi Scheme In Wall Street history." class="read-more" href="http://www.karmanullify.com/bernie-madoff/" aria-label="More on Bernie Madoff: The Largest Ponzi Scheme In Wall Street history.">Read more</a>]]></description>
										<content:encoded><![CDATA[
<h2>Bernie Madoff</h2>



<p>Bernard Lawrence Madoff claimed that he was running a legitimate financial business when in reality he was putting together one of the greatest Ponzi schemes of all time.&nbsp;This scheme duped investors out of approximately <strong>$50 billion.</strong></p>



<p>How Madoff was able to get away with this scheme for so long?&nbsp; </p>



<p>Obviously, he was eventually caught in 2008.&nbsp; However, if we take his word as to how long he had been engaging in illegal activities, this means that he had been at it for about a decade and a half before he was actually caught by the proper regulatory agencies.&nbsp;</p>



<p>If we take the word of the investigators that believe he had been at it at least in part since the 1970s, there are grounds to be very worried about how the different parts of the regulatory framework of the financial system within the United States are working.&nbsp; So the question remains the same.&nbsp; How exactly was Madoff able to get away with something so dishonest for so long?</p>



<p>Well, for starters, it is important to point out something about Madoff’s company that the media likely won’t tell you very often.&nbsp; The fact of the matter is that if you go back roughly over the period of time that Madoff claims that he was engaged in illegal activities, what you are going to see is that Madoff was indeed investigated a lot by the regulatory agencies during that period of time.&nbsp; </p>



<p>One of the feeder firms for Madoff Securities LLC known as Avellino and Bienes was investigated in 1992, supposedly before Madoff began the lion’s share of his illegal activities.&nbsp; Also, the actual main firm of Madoff Securities was invested in 1999, 2000, 2004, 2005 and 2006.&nbsp; </p>



<p>In fact, when you put together all of the different investigations into the Madoff firm, what you will see right away is that at least eight different investigations into the company took place over the course of time that Madoff claims he was actually involved in the illegal activities.&nbsp; </p>



<p>The media doesn’t focus on that aspect of things because it is a lot easier to stoke anger by claiming that the authorities fell flat on their face on this one.&nbsp; It is also a lot healthier for their television ratings.</p>



<p>Another thing that is worth pointing out but which the media frequently misses is the fact that a lot of different watchdog groups were taking a closer look at Madoff’s financial empire as time led up to his eventual collapse.&nbsp; For example, there was a report released in 2007 by the Financial Industry Regulatory Authority that actually pointed out that Madoff Securities had different sections that did not seem to service any customers.&nbsp; </p>



<p>At the same point in time, there were various red flags about the way in which Madoff was doing business that did seem to alert many of the other outside agencies as to the fact that fraud of some kind might be going on in his firm.&nbsp; In fact, any way you look at it, it appears as though at any point in time, just a slightly heavier investigation into Madoff’s activities might have nipped this particular problem before it ever became the huge scandal that it currently is.</p>



<p>Of course, ‘if’ is a word that is used for hope and idealism, both of which are probably futile expenditures at this point in time.&nbsp; The fact of the matter is that while Bernie Madoff was indeed investigated, he was never investigated to the point where any of the authorities felt that they could move on him.&nbsp; </p>



<p>Because of this, the main question about the Madoff scandal remains exactly the same.&nbsp; And that question is the question of why.&nbsp;</p>



<blockquote class="wp-block-quote"><p>Why, at the end of all that was said and done, was Madoff still able to get away with extraordinary levels of fraud and abuse for such a long time before he was actually caught?</p></blockquote>



<p>Well, there are many reasons that have been forwarded in an attempt to answer this particular question.&nbsp; You can take a look at all of them and then decide which, if any, you are going to believe.</p>



<h2>Theory #1</h2>



<p>One reason that has been put forward regarding the Madoff scandal being so successful for so long is that a lot of people did not really want to mess with Bernie Madoff.&nbsp; Keep in mind the history of the man that was discussed at the start of this article.&nbsp; </p>



<p>The fact of the matter is that if you take the last 15 or so years out of his career, he had a very distinguished one.&nbsp; Being the developer and head of NASDAQ is something that Madoff will always be able to hold up as his greatest achievement.&nbsp; </p>



<p>No matter how the current population thinks in regards to his reputation, history will definitely remember him as a mixed figure capable of extraordinary good and mind-blowing evil.&nbsp; He was a financial giant even before he started the illegal activities and there are some that have suggested that this caused a lot of the investigative agencies responsible for policing the financial markets to go easy on him.&nbsp;</p>



<p>Since Madoff was undoubtedly a financial genius, this would have made it a lot easier for him to evade detection if it is indeed something that is true.</p>



<p></p>



<h2>Theory #2</h2>



<p>Another theory that has been put forth is that Madoff was just that good.&nbsp; This is one of the theories that is not very popular, but there are enough people that still have a high enough opinion of Madoff that the theory does get some play whenever people argue back and forth about what this man was or was not able to do.&nbsp; </p>



<p>Essentially, there are some that believe that Madoff was such a high level financial genius that he really had the ability to understand implicitly what investigators would do and therefore plan accordingly.&nbsp;</p>



<p>There are falsified <a href="http://www.karmanullify.com/standalone-vs-consolidated/">financial statements</a> from the firm to back this theory up, but the general consensus within the industry is that it would have taken a lot more than that in order to pull the wool over the eyes of both investigators and investors for such a long period of time.</p>



<p></p>



<h2>Theory #3</h2>



<p>Another thing that people point is relationship that Madoff’s family had with Washington.&nbsp; There were multiple instances over the course of time when legislation that would have helped Madoff maintain his veil of secrecy over the operations of his firm was passed.&nbsp; </p>



<p>He definitely had a lot of beneficial non-regulation thrown his way.&nbsp; Whether that was because of his family’s relationship to Washington or just coincidental is another point of debate for many people.</p>



<p>Madoff was also able to get quite a few people to vouch for his operations.&nbsp; There were many clients that he had that were willing to sing to the sky in terms of praising his excellence.&nbsp; </p>



<p>Many large clients like Union Bancaire Privee and Fairfield Greenwich Group claimed that after taking a close look at his business practices, they did not see anything unusual with the way in which he did his business.&nbsp; </p>



<p>So if clients with their own direct monetary interest at stake could not find anything wrong with him, many people wonder how the regulatory agencies could have done better.</p>



<p>Speaking of large clients, Madoff dealt a lot with them.&nbsp; Rather than dealing with a huge number of smaller clients and promising huge returns to those clients, Madoff instead chose to deal with a smaller number of clients that collectively had a larger amount of money.&nbsp;</p>



<p>By promising modest rather than overwhelming returns to that smaller number of larger clients, Madoff was able to run his Ponzi scheme with a slightly higher health level since the percentage gain that he was required to pay out to each successive person was a bit smaller.&nbsp; This allowed him to prolong the life of the Ponzi scheme to the ridiculous proportions that have already been discussed earlier in this article on the Madoff scandal.</p>



<h2>Theory #4</h2>



<p>One final reason that has been suggested by some regarding the lengthy success of the Madoff Ponzi scheme was his investment in charities.&nbsp; There were many different charities that Madoff had been involved with over the course of time.&nbsp; </p>



<p>These types of investments are not policed as heavily as some of the others and for that reason there were many that felt that Madoff really did not have that much luck so much as he had the foresight to invest in places that he knew the authorities were not looking.&nbsp; It is certainly an interesting theory and one that will be debated for a long time just like the other reasons mentioned above.</p>



<p>In the end, these are some of the reasons that have been proposed by people as to why the Madoff scandal scheme was able to work for as long as it did.&nbsp;</p>



<p></p>
]]></content:encoded>
					
					<wfw:commentRss>http://www.karmanullify.com/bernie-madoff/feed/</wfw:commentRss>
			<slash:comments>0</slash:comments>
		
		
			</item>
		<item>
		<title>The Great Depression (1929-1930)</title>
		<link>http://www.karmanullify.com/the-great-depression/</link>
					<comments>http://www.karmanullify.com/the-great-depression/#comments</comments>
		
		<dc:creator><![CDATA[Karmanullify]]></dc:creator>
		<pubDate>Sun, 07 Mar 2021 17:52:05 +0000</pubDate>
				<category><![CDATA[Financial Crisis]]></category>
		<category><![CDATA[Stock Market Crash]]></category>
		<guid isPermaLink="false">http://www.karmanullify.com/?p=2860</guid>

					<description><![CDATA[The Great Depression The Great Depression or the Stock market crash of 1929 started in 1929 and ended in the 1930s. While the Great Depression hit North American and Europe the hardest, other cities worldwide were affected just as much. It was the start of the Second World War that put an end to the devastating ... <a title="The Great Depression (1929-1930)" class="read-more" href="http://www.karmanullify.com/the-great-depression/" aria-label="More on The Great Depression (1929-1930)">Read more</a>]]></description>
										<content:encoded><![CDATA[
<h2>The Great Depression</h2>



<p>The Great Depression or the Stock market crash of 1929 started in 1929 and ended in the 1930s. While the Great Depression hit North American and Europe the hardest, other cities worldwide&nbsp;were affected just as much. It was the start of the Second World War that put an end to the devastating effects caused by the Great Depression.</p>



<h2>The Great Depression Causes</h2>



<p>Causes of the Great Depression have been discussed by scholars and economists every since. Life during the Great Depression was hard and effects of the Great Depression lasted way after the World War II started. </p>



<p>Unemployment during the great depression was at record high. Many people who remember the time of the Great Depression still worry when investing in the stock market nowadays.</p>



<p>Although, scholars have not totally agreed on the causes of the Great Depression, there are enough theories about why the Great Depression occurred, whether the Great Depression will occur again or how to prevent an event similar to the Great Depression of 1929 from happening again. </p>



<p>Among theories of what caused the Great Depression are: orthodox classical economics theory of the Great Depression, monetarist and Keynesian view on the Great Depression, Austrian economic and neoclassical economic theory of the causes of the Great Depression, Structural theories of the Great Depression, and so forth.</p>



<h2>Changes over time in the nature of employee pension plans</h2>



<p>Changes over time in the nature of employee pension plans&nbsp;have encouraged people to learn about, and eventually accept, stocks as investments. The most revolutionary change in these institutions in the United States has been the expansion of defined contribution pension plans at the expense of defined benefit plans.</p>



<h2>Growth spurt in the mutual fund industry</h2>



<p>The stock market boom has coincided with a peculiar growth spurt in the mutual fund industry and a proliferation of advertising for mutual funds. In 1982, there were 6.2 million equity mutual fund shareholder accounts in the United States, about one for every ten U.S. families. By 1998, there were 119.8 million such shareholder accounts, or nearly two accounts per family.</p>



<h2>A&nbsp;lower inflation rate</h2>



<p>High inflation is perceived as a sign of economic disarray, of a loss of basic values, and a disgrace to the nation, an embarrassment before foreigners. Low inflation is viewed as a sign of economic prosperity, social justice, and good government. It is not surprising, therefore, that a lower inflation rate boosts public confidence, and hence stock market valuation.</p>



<h2>Higher equity turnover rate</h2>



<p>The higher equity turnover rate may be symptomatic of increased interest in the market. According to a study by the SEC, there were 3.7 million online accounts in the United States in 1997; by 1999 there were 9.7 million such accounts.</p>



<h2>Dramatic increase in gambling</h2>



<p>There has been a dramatic increase in gambling opportunities in the United States in recent years.</p>



<p>This section of the Great Depression website examines factors affecting the market during stock market crashes including the stock market crash of 1929. The Great Depression was by no means caused by any single factor. </p>



<p>It is all the factors together that caused the stock market crash of 1929. Set forth below is a list of factors that may help explain the present speculative market, mostly factors that have had an effect on the market that are not warranted by rational analysis of economic fundamentals:</p>



<h2>Internet and the World Wide Web</h2>



<p>Internet and the World Wide Web have invaded investors’ homes during the second half of the 1990s, making the population intimately conscious of the pace of technological change. </p>



<h2>The U.S. appears to occupy a leadership position</h2>



<p>In many areas of activity, the U.S. appears to occupy a leadership position, and therefore it starts to seem only natural that confidence in the premier capitalist system would translate into confidence in the market, and that the U.S. stock market should be the most highly valued in the world.</p>



<h2>Significant rise in materialistic values</h2>



<p>The bull market has been accompanied by a significant rise in materialistic values. It is plausible that materialistic feelings might influence investors’ demand for stocks, which have long held out at least the possibility of amassing substantial and quick riches.</p>



<h2>Anything I Missed?</h2>



<p>So this is the  Case Study of The Great Depression of 1929.</p>



<p>There you go guys, now you know what happened at that time and if you are wondering : </p>



<p>What happened after the Great Depression of 1929? Then <a href="http://www.karmanullify.com/what-happened-after-the-great-depression-of-1929/">Check this article</a>.</p>



<p>And now I’d like to hear from you:</p>



<p>Or maybe you have a question.</p>



<p>Either way, let me know by leaving a comment below right now.</p>
]]></content:encoded>
					
					<wfw:commentRss>http://www.karmanullify.com/the-great-depression/feed/</wfw:commentRss>
			<slash:comments>1</slash:comments>
		
		
			</item>
		<item>
		<title>Stock Market Crash 2008 &#8211; Lesson For Investors</title>
		<link>http://www.karmanullify.com/stock-market-crash-2008/</link>
					<comments>http://www.karmanullify.com/stock-market-crash-2008/#respond</comments>
		
		<dc:creator><![CDATA[Karmanullify]]></dc:creator>
		<pubDate>Mon, 01 Mar 2021 17:20:11 +0000</pubDate>
				<category><![CDATA[Financial Crisis]]></category>
		<guid isPermaLink="false">http://www.karmanullify.com/?p=2681</guid>

					<description><![CDATA[Lessons To Learn From Stock Market Crash 2008: #1 Consider Debt to equity ratio Cheap and plentiful debt reinvigorated the market and ultimately propelled the market to new heights in a few short years. That debt also led to a housing bubble that burst in 2007 and single-handedly nearly brought down our entire global financial ... <a title="Stock Market Crash 2008 – Lesson For Investors" class="read-more" href="http://www.karmanullify.com/stock-market-crash-2008/" aria-label="More on Stock Market Crash 2008 – Lesson For Investors">Read more</a>]]></description>
										<content:encoded><![CDATA[
<h2>Lessons To Learn From Stock Market Crash 2008:</h2>



<p></p>



<h2>#1  Consider Debt to equity ratio</h2>



<h6>Cheap and plentiful debt reinvigorated the market  and ultimately propelled the market to new heights in a few short years. That debt also led to a <a href="http://www.karmanullify.com/subprime-mortgage-crisis/">housing bubble</a> that burst in 2007 and single-handedly nearly brought down our entire global financial system. </h6>



<h6>At its peak, global debt levels exceeded global GDP by nearly a 4-to-1 ratio. Experts believe that the global debt ratio will need to be cut in half or more before the massive de-levering of the global economy occurring now comes to an end. </h6>



<h6>The process will be painful and is expected to last for several years. At a micro level, investors need to <strong>consider</strong> <strong><a href="http://www.karmanullify.com/debt-to-equity-ratio/">debt to equity ratios</a></strong> in their investments and understand that higher expected returns are often the result of higher debt to equity ratios. Those investments are inherently riskier and ultimately vulnerable to being lost during severe market downturns.&nbsp;It is one of the most important lesson to learn from Stock Market Crash 2008.</h6>



<p></p>



<h2>#2 LONG TERM INVESTMENTS.</h2>



<h6>Due to Stock Market Crash 2008, the dramatic increase in stock market volatility in recent years has created a professional trader&#8217;s paradise, but has also created a treacherous environment for other investors. Consequently, investors should have a long-term horizon of at least 5 years and preferably 7-10 years for their stock portfolios. </h6>



<h6>Long time horizons provide flexibility to recover from protracted and dramatic market setbacks. Strict &#8220;buy-and-hold&#8221; strategies for individual stocks are not recommended, but needing to sell out of stock positions on short notice to raise cash for other purposes will not produce satisfactory investment results. </h6>



<h6>Stocks may be &#8220;liquid&#8221; investments, but &#8220;fire&#8221; sales at steeply discounted prices provide little consolation to sellers.</h6>



<p></p>



<h2>#3 GLOBAL STOCK MARKET. </h2>



<h6>The U.S. is still the primary growth engine of the global economy.  However, the European Union is today the world&#8217;s largest single economy and the BRIC economies (Brazil, Russia, India, China) along with other emerging markets will most likely drive global economic growth for the next several generations. </h6>



<h6>Few Decades ago the U.S. comprised half of the world&#8217;s stock market capitalization, but today its share represents about a quarter of the global stock market. U.S. investors will need to consider the risks and opportunities that will come from being inextricably connected to that global marketplace.</h6>



<h2>#4 DIVERSIFICATION IS KEY. </h2>



<h6>Many believe that due to Stock Market Crash 2008 and the  downturn in all stock categories means that diversification does not work. However, diversification only promises to <strong><a href="http://www.karmanullify.com/mutual-fund-sahi-hai/#Mutual_Fund_Risk_Indicators">reduce portfolio risk</a></strong> by mitigating the specific risks attendant to individual investments; it never promises to insulate investors from overall market risk, which is exactly what we&#8217;ve experienced during the past two years. </h6>



<h6>Diversification is still an important risk mitigation tool that arises from combining several asset categories (stocks, bonds, etc) or combining variety within a particular asset category, such as stocks. In fact, many experts believe that, for maximizing <a href="http://www.karmanullify.com/mutual-fund-sahi-hai/">risk-adjusted returns</a>, a portfolio mix of many types of assets is even more important than the mix of stocks in a portfolio. </h6>



<h6>Therefore, first consideration should be given to allocating resources to stocks, bonds, gold, cash, etc. The stock allocation should be a secondary consideration. Within the stock category, investors traditionally seek to diversify according to industry sectors, geography, investment style (e.g., growth versus value) or market capitalization (e.g., nano, micro, small, medium, large, mega-cap) in order to minimize specific investment risks over the long term.</h6>



<p></p>



<h2>#5 INVESTING IN &#8220;BLUE CHIP&#8221; COMPANIES. </h2>



<h6>During Stock Market Crash 2008, several venerable long-standing institutions disappeared or were saved from extinction by heroic government bailouts. AIG, Citigroup, Lehman, Fannie and Freddie and many other household names are on that list. </h6>



<h6>An examination of the 30 stocks comprising the<strong> Dow-Jones Industrial Average</strong> shows that even major non-financial companies dramatically fell in value, some below $10 per share, during the past year. The past two years has proven that the idea of buying stock in today&#8217;s great companies and blindly holding them forever is a thing of the past.</h6>



<p></p>



<h2>#6 STRIVE TO MINIMIZE INVESTMENT COSTS. </h2>



<h6>This may be the most important lesson to learn from Stock Market Crash 2008, and the one most likely to yield tangible results. The investment environment for many years to come promises to be fraught with many serious challenges, such as high inflation and high interest rates, which will make attractive investment returns more difficult than ever to achieve. </h6>



<h6>You can&#8217;t control market movements but you can control many of your investment costs, and reducing them may be easier than you think. For example, stock index funds that deliver the same returns often vary materially in the annual fees/costs they charge investors. </h6>



<figure class="wp-block-image size-large is-resized"><img decoding="async" src="https://karmaimage.s3.ap-south-1.amazonaws.com/wp-content/uploads/2021/03/02115420/Crash-1.webp" alt="Stock Market Crash 2008 Chart" class="wp-image-2723" width="402" height="226"/></figure>



<h6>Sometimes cost disparities may be as much as 50-100 basis points (or 0.5-1.00%) and those seemingly small cost differences can add up to substantial cost savings over long time periods. A 50 basis point saving on a $10,000 investment in a stock index fund that grows at 8% per year can produce a total cost saving of nearly $800 over ten years. </h6>



<h6>In addition, you should avoid <a href="http://www.karmanullify.com/mutual-fund-sahi-hai/#There_Are_Two_Types_Of_Load_In_Mutual_Fund">&#8220;load&#8221; mutual funds</a> that charge an up-front fee, or at least have a compelling reason to choose one when you do. Some funds can be complicated, especially funds wrapped in annuities, and don&#8217;t always clearly delineate the various of fees and costs inherent in such products.  </h6>



<p></p>



<h2>#7  DONT FOLLOW ADVICE OF FINANCIAL MEDIA . </h2>



<h6>Mark Twain once quipped that &#8220;if you don&#8217;t read the newspaper you&#8217;re uninformed; if you do you&#8217;re misinformed.&#8221; For the past two years, the mainstream financial media seemed as numb as the rest of us to market realities, as their reports vacillated between optimistic and pessimistic market forecasts. </h6>



<h6>Look to the media to gain important insights about the mechanics of how the market works or to provide a historical context for market events, but resist acting on media advice when managing your portfolios.&nbsp;It is one of the most important lesson to learn from Stock Market Crash 2008.</h6>



<p></p>



<h2>#8 MANAGE YOUR MONEY. </h2>



<h6>Recent financial scandals, such as Bernard Madoff&#8217;s $65 Billion Ponzi scheme, make it clear that you can not be too careful in managing your money, even when employing long-standing reputable professionals. </h6>



<h6>So, even if you trust and respect the expertise of your broker/financial advisor/investment manager, remember that you are uniquely qualified and motivated to watch out for your own interests. &nbsp; </h6>



<p></p>



<h2>#9 YOU SHOULD INVEST IN SMALL INCREMENTS.</h2>



<h6>Dollar-cost-averaging is one popular technique for implementing such a discipline, and directs investors to periodically commit (e.g., monthly, quarterly) a fixed amount of money to their investment portfolios. Doing so will guarantee that you buy more investment shares in down markets than up markets, which can make a real difference in your investment returns in these volatile markets. &nbsp;</h6>



<p></p>



<h2>#10  TAKE PROFITS AS THEY BECOME AVAILABLE.</h2>



<h6>No one ever went broke taking a profit, and the mirror image of<a href="http://www.karmanullify.com/value-investing/"> investing slowly</a> is to take some profits periodically as they arise. In rising markets you may feel foolish cashing out of investments as they appreciate, but when the bottom drops out of the market, suddenly and unexpectedly, you&#8217;ll feel vindicated and relieved that you conscientiously took some of those profits.  </h6>



<p></p>



<h2>#11 ALWAYS KEEP SOME CASH ON HAND. </h2>



<h6>Extreme market volatility is unsettling, but volatility creates significant buying opportunities when you least expect them. You need to be ready. As you trade in and out of your investments, you should hold at least 5-10% of your portfolio in cash at all times.&nbsp;&nbsp;</h6>



<h6>Managing your money has never been more difficult than it is today. These are the most important lesson to learn from Stock Market Crash 2008 and  are intended to provide some discipline for managing your money effectively during the challenging times ahead.</h6>



<p></p>



<h2>Anything I Missed?</h2>



<p>So this is the list of Lessons To Learn From Stock Market Crash 2008.</p>



<p>There you go guys, take all these points into account when entering the stock market.</p>



<p>And now I’d like to hear from you:</p>



<p>Or maybe you have a question.</p>



<p>Either way, let me know by leaving a comment below right now.</p>



<p><a href="http://www.karmanullify.com/disclaimer/">Disclaimer</a></p>
]]></content:encoded>
					
					<wfw:commentRss>http://www.karmanullify.com/stock-market-crash-2008/feed/</wfw:commentRss>
			<slash:comments>0</slash:comments>
		
		
			</item>
		<item>
		<title>The Panic of 1837: US Financial Crisis</title>
		<link>http://www.karmanullify.com/the-panic-of-1837/</link>
					<comments>http://www.karmanullify.com/the-panic-of-1837/#respond</comments>
		
		<dc:creator><![CDATA[Karmanullify]]></dc:creator>
		<pubDate>Wed, 17 Feb 2021 10:00:08 +0000</pubDate>
				<category><![CDATA[Financial Crisis]]></category>
		<guid isPermaLink="false">http://www.karmanullify.com/?p=3125</guid>

					<description><![CDATA[The Panic of 1837 There has already been a depression in the United States of America in 1837, which is far less famous than the Great Depression for two reasons. The first is that it was a long time ago, so  people don’t put the long-past crisis in connection with the current Financial Crisis. The second, however, is a much more interesting ... <a title="The Panic of 1837: US Financial Crisis" class="read-more" href="http://www.karmanullify.com/the-panic-of-1837/" aria-label="More on The Panic of 1837: US Financial Crisis">Read more</a>]]></description>
										<content:encoded><![CDATA[
<h2>The Panic of 1837</h2>



<p>There has already been a depression in the United States of America in 1837, which is far less famous than <a href="http://www.karmanullify.com/the-great-depression/">the Great Depression</a> for two reasons. The first is that it was a long time ago, so  people don’t put the long-past crisis in connection with the current Financial Crisis. </p>



<p>The second, however, is a much more interesting reason with regards to this work. The&nbsp;depression of 1837&nbsp;was a far shorter lasting&nbsp;Financial Crisis&nbsp;than the&nbsp;Great Depression, which might have to do with the way the government dealt with the situation.</p>



<p>The problem back then was that the banks abandoned the gold standard, which means that the paper money that was given out by the banks was not backed up by an equivalent amount of gold or silver anymore. A lot of depositors wanted to withdraw their capital from the banks at the same time, and these were not able to meet the demands and thus the banks went bankrupt. </p>



<p>Once this happened to the first bank and people got to know about it, a real panic broke out. Everyone suddenly wanted to withdraw their deposits from the banks because they feared there wouldn’t be anything left when it was needed. </p>



<p>Although the amount of money available might never have been a problem for most of the banks, it caused a severe <strong>crisis</strong> due to the panic-driven run on the banks due to a lack of trust to them.</p>



<p>President Martin van Buren, in contrary to what governments do right now or did in the <strong>Great Depression</strong> to get on top of the current crises, didn’t intervene in the economy and interestingly it recovered pretty soon; first improvements could be noticed at the end of 1838. </p>



<p>Instead of injecting money into the economy to “save” it van Buren even immediately cut government spending by 21 percent. The fact there was no Government Intervention helped the economy to recover on its own.</p>



<h2>Anything I Missed?</h2>



<p>If you want to learn more about other major US Financial Crisis then <a href="http://www.karmanullify.com/category/personal-finance/stock-market-crash/">visit this page</a>.</p>



<p>And now I’d like to hear from you:</p>



<p>Or maybe you have a question.</p>



<p>Either way, let me know by leaving a comment below right now.</p>



<h2><a href="http://www.karmanullify.com/disclaimer/">DISCLAIMER</a></h2>
]]></content:encoded>
					
					<wfw:commentRss>http://www.karmanullify.com/the-panic-of-1837/feed/</wfw:commentRss>
			<slash:comments>0</slash:comments>
		
		
			</item>
		<item>
		<title>Tom Yam Kung Crisis : The Asian financial crisis of 1997</title>
		<link>http://www.karmanullify.com/tom-yam-kung-crisis/</link>
					<comments>http://www.karmanullify.com/tom-yam-kung-crisis/#respond</comments>
		
		<dc:creator><![CDATA[Karmanullify]]></dc:creator>
		<pubDate>Mon, 15 Feb 2021 10:38:46 +0000</pubDate>
				<category><![CDATA[Financial Crisis]]></category>
		<category><![CDATA[Misc]]></category>
		<guid isPermaLink="false">http://www.karmanullify.com/?p=2821</guid>

					<description><![CDATA[Tom Yam Kung Crisis Tom Yam Kung Crisis is 1997 Asian financial crisis. The crisis started in Thailand and then it spread to other Asian countries like South Korea, Japan, Indonesia and Singapore. Tom Yam Kung (or Tom Yam Gong) Crisis in 1997 made “Tom Yam Kung” well-known as one of the best Thai food menus which ... <a title="Tom Yam Kung Crisis : The Asian financial crisis of 1997" class="read-more" href="http://www.karmanullify.com/tom-yam-kung-crisis/" aria-label="More on Tom Yam Kung Crisis : The Asian financial crisis of 1997">Read more</a>]]></description>
										<content:encoded><![CDATA[
<h2>Tom Yam Kung Crisis</h2>



<p>Tom Yam Kung Crisis is 1997 Asian <a href="http://www.karmanullify.com/subprime-mortgage-crisis/">financial crisis</a>. The crisis started in Thailand and then it spread to other Asian countries like South Korea, Japan, Indonesia and Singapore.</p>



<p><strong>Tom Yam Kung </strong>(or Tom Yam Gong) Crisis in 1997 made “Tom Yam Kung” well-known as one of the best Thai food menus which is popular around the world.  The Asian financial crisis of 1997 was named the Tom Yam Kung crisis by foreigners because they associate the soup with Thailand.</p>



<p>However, in Thailand, the menu which is the most popular is “Som-Tam” (It sometimes called “Thai Papaya Salad”).</p>



<p>Som-Tam is a local menu of the Northeast of Thailand (whose language and culture is similar to Laos, Thailand’s neighboring countries. Of course, you will find this menu in Laos as well) before they spread throughout the country. You can find Som-Tam shop almost everywhere, whether they are in buildings, kiosk and food carts.</p>



<p>Asian Countries like South Korea and Thailand were the most affected by Tom Yam Kung Crisis.  In South Korea, the Foreign debt-to-GDP  ratios rose from <strong>13% to 21%</strong> and then as high as 40%, while the other  newly industrialized Asian countries fared much better. </p>



<p>It truly is a tragedy to see one&#8217;s retirement account shrink dramatically in just a few days of wild gyrations in the market. What took years to grow to what seemed to be a respectable amount of money, that would guarantee peace of mind during retirement, got cut in half or even less in what seemed to be just a few days.</p>



<p>With all that money gone, so many other dreams got wiped away! Now people are caught in fear, panic and rage. That is normal, but unfortunately does not solve any of these problems.</p>



<p>Eventually, we all need to answer the most important questions:</p>



<p>How do I get my money back?* How do I recover what is lost? </p>



<p>How can I get it back by the time I need it for myself and my family?</p>



<p>Will I ever get the courage to put more money in the market?</p>



<p>Can I trust myself in the market? And these last questions are perhaps the most difficult to answer&#8230; how can you put back precious money in what seems to be a machine controlled by unknown forces, capable of chewing your money up in a second?</p>



<p>But the reality is that there is no uncontrollable or mysterious power pulling strings from some covert locations beyond common people&#8217;s reach. You can be in full control of your financial destiny!</p>



<p>While it is certainly true that the average investor is forced to compete in the market against powerful corporations and other entities carrying the power and the weight of millions or billions of dollars in operating capital, the bottom line is that those who know and understand the market can manage their capital as needed and end up making money; those who just toss their savings in the pot and hope for the best end up losing it all.</p>



<h2>Anything I Missed?</h2>



<p>So this is Tom Yam Kung Crisis.</p>



<p>And now I’d like to hear from you:</p>



<p>Or maybe you have a question.</p>



<p>Either way, let me know by leaving a comment below right now.</p>



<h2><a href="http://www.karmanullify.com/disclaimer/">DISCLAIMER</a></h2>
]]></content:encoded>
					
					<wfw:commentRss>http://www.karmanullify.com/tom-yam-kung-crisis/feed/</wfw:commentRss>
			<slash:comments>0</slash:comments>
		
		
			</item>
		<item>
		<title>Cause of Market Crash of 2008 &#8211; How Did We Get Here?</title>
		<link>http://www.karmanullify.com/the-market-crash-of-2008/</link>
					<comments>http://www.karmanullify.com/the-market-crash-of-2008/#respond</comments>
		
		<dc:creator><![CDATA[Karmanullify]]></dc:creator>
		<pubDate>Sun, 07 Feb 2021 11:52:26 +0000</pubDate>
				<category><![CDATA[Financial Crisis]]></category>
		<guid isPermaLink="false">http://www.karmanullify.com/?p=2891</guid>

					<description><![CDATA[Cause of Market Crash of 2008 So, what caused the collapse? The main culprit was the subprime lending market. When this market crashed, a large amount of companies faced foreclosure. Even the companies that did not foreclose suffered losses that amounted to billions of dollars. You may have already heard about the subprime market crash. ... <a title="Cause of Market Crash of 2008 – How Did We Get Here?" class="read-more" href="http://www.karmanullify.com/the-market-crash-of-2008/" aria-label="More on Cause of Market Crash of 2008 – How Did We Get Here?">Read more</a>]]></description>
										<content:encoded><![CDATA[
<h2>Cause of Market Crash of 2008</h2>



<p>So, what caused the collapse? The main culprit was the subprime lending market. When this market crashed, a large amount of companies faced foreclosure. Even the companies that did not foreclose suffered losses that amounted to billions of dollars.</p>



<p>You may have already heard  about the <a href="http://www.karmanullify.com/subprime-mortgage-crisis/">subprime market crash</a>. If you are like most, however, you may not know what the crash meant to individual property owners. You may even have questions regarding how we got in this situation to begin with.</p>



<p>Over the past few years, subprime mortgages were the biggest trend in real estate lending. Buyers who were unable to qualify for conventional mortgages could obtain financing via a subprime mortgage. People who obtained these loans often had to pay high interest rates.</p>



<p>Lenders obtained the money to pay for these mortgages from a variety of sources. Many companies secured loans at low interest rates and then loaned that money out to buyers at a higher rate. Some of the money was borrowed from central banks.</p>



<p>While the housing market remained relatively stable, the ill consequences of these loans could not be seen clearly. In fact, the market was experiencing a surge in value that was unprecedented. </p>



<p>This surge resulted in an unrealistic expectation of the future real estate market which in turn caused lenders to put even more money into funding mortgages that new homeowners could ill afford.</p>



<p>In 2005 and 2006, the last real boom was occurring in the real estate market. During this time, it was extremely easy to get a loan. Lenders thought that they would be able to make money from buyers even if they did not pay for the mortgage through the high interest rates they were charging and the ever-increasing value of real estate. </p>



<p>But when interest rates started to rise, people stopped buying homes. Additionally, homeowners started failing to make payments due to the interest rate spike.</p>



<p>It became harder and harder for lenders to obtain funds to invest into mortgages. Buyers, now unable to qualify for a loan easily, began to stop looking for a home to purchase. Investors became wary, and underwriters started increasing the requirements to qualify for a loan. </p>



<p>People who had adjustable rate mortgages sought desperately to decrease their skyrocketing monthly payments. But they could not qualify for a new, fixed loan under the strict guidelines. This only caused the number of foreclosures to rise dramatically resulting in the real estate market crash of 2008</p>



<h2>Anything I Missed?</h2>



<p>So this was the Cause of  Market Crash of 2008.</p>



<p>There you go guys, take all these points into account when entering the stock market.</p>



<p>And now I’d like to hear from you:</p>



<p>Or maybe you have a question.</p>



<p>Either way, let me know by leaving a comment below right now.</p>



<h2><a href="http://www.karmanullify.com/disclaimer/">Disclaimer</a></h2>
]]></content:encoded>
					
					<wfw:commentRss>http://www.karmanullify.com/the-market-crash-of-2008/feed/</wfw:commentRss>
			<slash:comments>0</slash:comments>
		
		
			</item>
		<item>
		<title>Subprime Mortgage Crisis: The Multinational Financial crisis</title>
		<link>http://www.karmanullify.com/subprime-mortgage-crisis/</link>
					<comments>http://www.karmanullify.com/subprime-mortgage-crisis/#comments</comments>
		
		<dc:creator><![CDATA[Karmanullify]]></dc:creator>
		<pubDate>Sat, 06 Feb 2021 06:35:42 +0000</pubDate>
				<category><![CDATA[Financial Crisis]]></category>
		<category><![CDATA[Stock Market Crash]]></category>
		<guid isPermaLink="false">http://www.karmanullify.com/?p=2813</guid>

					<description><![CDATA[Subprime Mortgage Crisis The United States Subprime mortgage crisis was a Multinational Financial crisis that occurred between 2007 and 2010. Subprime mortgage financial crisis can be described as a sharp and unprecedented rise in home foreclosures that occurred due to the defaulting in subprime mortgage loans. This started during the fall of 2006 in the ... <a title="Subprime Mortgage Crisis: The Multinational Financial crisis" class="read-more" href="http://www.karmanullify.com/subprime-mortgage-crisis/" aria-label="More on Subprime Mortgage Crisis: The Multinational Financial crisis">Read more</a>]]></description>
										<content:encoded><![CDATA[
<h2>Subprime Mortgage Crisis</h2>



<p>The United States Subprime mortgage crisis was a Multinational <a href="http://www.karmanullify.com/stock-market-crash-of-1929/">Financial crisis</a> that occurred between 2007 and 2010.</p>



<p>Subprime mortgage financial crisis can be described as a sharp and unprecedented rise in home foreclosures that occurred due to the defaulting in subprime mortgage loans. This started during the fall of 2006 in the United States and ended up eventually becoming a global financial crisis within a year. Subprime mortgage crisis indirectly contributed to the <a href="http://www.karmanullify.com/stock-market-crash-2008/">Global financial crisis of 2008</a>.&nbsp;</p>



<p>There are many varieties of mortgage loans available in the market: &nbsp;Fixed Mortgage Loan, Adjustable rate mortgage loan or ARM, Balloon Loan and &nbsp;<strong>Subprime Loan</strong>.</p>



<p>Subprime mortgage loans are those that are offered to high credit-risk borrowers with lower income or tainted credit history. These loans are primarily adjustable-rate mortgage loans where the interest rates are low for the initial 2-3 years and are thereafter readjusted to a higher rate.</p>



<p>As a result of this, the monthly mortgage payment increases to a value that becomes difficult for the borrower to pay. Due to this, several borrowers default with their loan repayment resulting in home foreclosure. Adjustment in the interest rates occurs periodically. These adjustments occur every six months to one year.</p>



<p>The most affected by this crisis are the minority communities living in the United States including African-Americans, Latinos and Hispanics. According to a study conducted by the Wall Street, more than 20 percent of sub prime mortgage loans issued between 2005 and 2006 are being projected to end up as defaults. </p>



<p>More than 2 million borrowers with subprime loanswere facing the risk of home foreclosures and about $164 billion is lost due to foreclosures in subprime mortgage market.</p>



<p>Subprime mortgage crisis has even affected the flow of funds into and from the market. Lenders provided credit to borrowers but are unable to retrieve the amount due to loan defaults. </p>



<p>Unable to withstand this, several subprime lenders are filing bankruptcy and many others have already closed their operations. Other lenders, who are able to withstand the market crisis, are now resorting to more stringent standards and making it difficult for people to obtain loans.&nbsp;</p>



<p>The sub prime mortgage crisis and a depleting real estate market in the United States has resulted in millions of people facing the risk of losing their homes due to foreclosure.</p>



<p>With the objective of extending a helping hand to borrowers affected due to sub prime home loans, the Federal Housing Administration (FHA) has introduced new lending policies known as FHA Secure Loans.</p>



<p>Subprime mortgage loans are primarily high-interest ARM loans. The interest rates are at a bearable level during the initial 2 to 3 years. At the end of this initial low-interest period, the interest rates are adjusted according to market index. </p>



<p>Several borrowers find it difficult to make mortgage payments once the interest rates get adjusted. As a result, they end up as defaulters. FHA Secure plan is aptly suitable for such borrowers.</p>



<p>Under this plan, borrowers who default with the loan repayments can have their sub prime mortgage loans refinanced. This plan allows delinquent hybrid ARM borrowers to move into reasonable, fixed-rate mortgage loans. However, only borrowers having a creditworthy history before the interest rates were adjusted are eligible to apply for this plan.</p>



<p>This plan is highly beneficial for low and middle-income American families as it helps the families from losing their homes to foreclosure. In order to be eligible for this loan, applicants must have a good employment history and should be able to earn a monthly income sufficient enough to make the mortgage payments. </p>



<p>Another advantage of this plan is that it requires the homeowner to make very low down payment. The applicant must keep three percent of the loan value in cash or homeowner equity.</p>



<h2>Anything I Missed?</h2>



<p>And now I’d like to hear from you:</p>



<p>Or maybe you have a question.</p>



<p>Either way, let me know by leaving a comment below right now.</p>



<h5><a href="http://www.karmanullify.com/disclaimer/">Disclaimer</a></h5>
]]></content:encoded>
					
					<wfw:commentRss>http://www.karmanullify.com/subprime-mortgage-crisis/feed/</wfw:commentRss>
			<slash:comments>4</slash:comments>
		
		
			</item>
		<item>
		<title>Three Forms of Economic Systems We Have After the Market Crash of 2008</title>
		<link>http://www.karmanullify.com/three-forms-of-economic-systems/</link>
					<comments>http://www.karmanullify.com/three-forms-of-economic-systems/#comments</comments>
		
		<dc:creator><![CDATA[Karmanullify]]></dc:creator>
		<pubDate>Sun, 10 Jan 2021 08:51:49 +0000</pubDate>
				<category><![CDATA[Financial Crisis]]></category>
		<guid isPermaLink="false">http://www.karmanullify.com/?p=2968</guid>

					<description><![CDATA[1. Command- Capitalist command economy Command- Capitalist command economy was based on the old communist system were the state own most businesses, and control the economy with a series of rigid planning. This to many is the opposite of the free market economy, we practiced in part, before the market crash of 2008. A command- ... <a title="Three Forms of Economic Systems We Have After the Market Crash of 2008" class="read-more" href="http://www.karmanullify.com/three-forms-of-economic-systems/" aria-label="More on Three Forms of Economic Systems We Have After the Market Crash of 2008">Read more</a>]]></description>
										<content:encoded><![CDATA[
<h2>1. Command- Capitalist command economy</h2>



<p>Command- Capitalist command economy was based on the old communist system were the state own most businesses, and control the economy with a series of rigid planning. This to many is the opposite of the free market economy, we practiced in part, before the market crash of 2008.<br><br>A command- Capitalist economy is the actually economy we live in today in the USA, and the European Union. An economy were the state own most of the Banks, and key industries bailed out after the crash.</p>



<p><br>Although, essentially the free market still rules in some sectors, our Governments are actually the engine of the economy, and are extremely interventionist. It is more a socialistic &#8211; market economy, that is still in its making, as our Governments are still preoccupied with stopping our economies from deteriorating any more.</p>



<p>They are in fact in a saving assets mode of thinking by taking over key industries and banks. This means that in the USA, and the UK most Mortgaged property, private business and in part many corporations are in reality owned by the state.</p>



<p></p>



<h2>2.&nbsp;Command &#8211; Supply Economies</h2>



<p>China is in reality a command- supply economy, simply a state that has a free-market system but which could be controlled by the ruling party at anytime; through economic incentives and the Governmental promotion of private and state enterprises through foreign policies.<br></p>



<p>This system works remarkably well in a crisis, as the State determine energy, monetary, and essential policies on industries. Therefore allowing free enterprise, but controlling it rigidly through the policy of taking over, and changing rules without delay.<br><br> China is now the wealthiest nation in the world in terms of foreign currency reserves. The State invest this in overseas private enterprises, and government bonds. Using money politics to ensure, goods produced in China can be exported, whilst raw material deals are linked with trade.</p>



<p>China is one country that should pull out of the recession quickly, because it is not dependent on one market, and the Government actively deal with any country, that&#8217;s open to business, irrespective of political ideal logy.</p>



<h2><br>3. Lassiez-Faire- Capitalist</h2>



<p>Common in many Asian Countries, were there is little or no Social assistance programs. The State are really responsible for partly owning essential key National assets, like resources, and some subsidized or state owned industries.<br><br>Countries like Indonesia, follow the system were profits from these essential industries are funneled into educational, transport and food programs in the form of subsidies rather than governmental handouts to the poor. </p>



<p>Whilst the informal economy is encouraged, so citizens do not pay tax in this economy but are encouraged to find a way to earn a living, whilst transport, oil, cooking gas, and some essential foods are subsidized to guarantee they remain affordable.</p>



<p>This lassiez- faire policy towards most of the nations citizens, allows free enterprise inside the nation, but also means people are responsible for themselves, rather then the government. This system partially works in countries with a high low income population, and is similar to the economic modal of Europe and the USA, in the early 20th Century.</p>



<p>This system runs well, as long as the State adjust to global conditions, and its citizens are mainly earning enough to not demand change. Awarding you International Academic recognition for your previous academic, and life experience in the form of a degree.</p>



<p>The Asian European University assess your experience using the Internationally recognized APEL method. For a complimentary assessment to see if you qualify for an International Degree.</p>



<h2>Anything I Missed?</h2>



<p>So these are three Forms of Economic Systems We Have After the Market Crash of 2008.</p>



<p>There you go guys, take all these points into account when entering the stock market.</p>



<p>And now I’d like to hear from you:</p>



<p>Or maybe you have a question.</p>



<p>Either way, let me know by leaving a comment below right now.</p>



<h2><a href="http://www.karmanullify.com/disclaimer/">Disclaimer</a></h2>
]]></content:encoded>
					
					<wfw:commentRss>http://www.karmanullify.com/three-forms-of-economic-systems/feed/</wfw:commentRss>
			<slash:comments>1</slash:comments>
		
		
			</item>
	</channel>
</rss>
