<?xml version="1.0" encoding="UTF-8"?><rss version="2.0"
	xmlns:content="http://purl.org/rss/1.0/modules/content/"
	xmlns:dc="http://purl.org/dc/elements/1.1/"
	xmlns:atom="http://www.w3.org/2005/Atom"
	xmlns:sy="http://purl.org/rss/1.0/modules/syndication/"
	
	>
<channel>
	<title>
	Comments on: Surviving a Stock Market Crash &#8211; 5 Tips to Show You How	</title>
	<atom:link href="http://www.karmanullify.com/surviving-a-stock-market-crash/feed/" rel="self" type="application/rss+xml" />
	<link>http://www.karmanullify.com/surviving-a-stock-market-crash/</link>
	<description></description>
	<lastBuildDate>Mon, 15 Mar 2021 10:58:52 +0000</lastBuildDate>
	<sy:updatePeriod>
	hourly	</sy:updatePeriod>
	<sy:updateFrequency>
	1	</sy:updateFrequency>
	<generator>https://wordpress.org/?v=6.1.1</generator>
	<item>
		<title>
		By: Satoshi Nakamoto		</title>
		<link>http://www.karmanullify.com/surviving-a-stock-market-crash/#comment-26</link>

		<dc:creator><![CDATA[Satoshi Nakamoto]]></dc:creator>
		<pubDate>Mon, 15 Mar 2021 10:58:52 +0000</pubDate>
		<guid isPermaLink="false">http://www.karmanullify.com/?p=3060#comment-26</guid>

					<description><![CDATA[In reply to &lt;a href=&quot;http://www.karmanullify.com/surviving-a-stock-market-crash/#comment-25&quot;&gt;Jack&lt;/a&gt;.

Naah]]></description>
			<content:encoded><![CDATA[<p>In reply to <a href="http://www.karmanullify.com/surviving-a-stock-market-crash/#comment-25">Jack</a>.</p>
<p>Naah</p>
]]></content:encoded>
		
			</item>
		<item>
		<title>
		By: Jack		</title>
		<link>http://www.karmanullify.com/surviving-a-stock-market-crash/#comment-25</link>

		<dc:creator><![CDATA[Jack]]></dc:creator>
		<pubDate>Mon, 15 Mar 2021 10:57:20 +0000</pubDate>
		<guid isPermaLink="false">http://www.karmanullify.com/?p=3060#comment-25</guid>

					<description><![CDATA[GME will crash.]]></description>
			<content:encoded><![CDATA[<p>GME will crash.</p>
]]></content:encoded>
		
			</item>
	</channel>
</rss>
